LATENCY_ARB_MOMENTUM_THRESHOLD,LATENCY_ARB_MAX_ASK,MAX_POSITION_FRACTION,pnl,win_rate,trades,wins,losses,max_dd,hwm,final_balance,signals,elapsed_s
0.001,0.45,0.05,-9.580000000000098,0.37383177570093457,107,40,67,0.3129352336279996,277.15,190.4199999999999,182,8.138
0.001,0.45,0.075,-7.640000000000185,0.37383177570093457,107,40,67,0.31236147851576507,279.7399999999999,192.35999999999981,182,8.068
0.001,0.45,0.1,-6.080000000000041,0.375,16,6,10,0.3182633151696257,284.45,193.91999999999996,186,8.22
0.001,0.45,0.125,2.8100000000000023,0.4,15,6,9,0.33515817079167354,305.05,202.81,187,8.296
0.001,0.45,0.15,1.0800000000000125,0.4,15,6,9,0.3905189136760427,329.92,201.08,187,8.259
0.001,0.5,0.05,3.4700000000000273,0.4148936170212766,94,39,55,0.3040191551222849,292.35,203.47000000000003,257,8.17
0.001,0.5,0.075,-59.400000000000006,0.25,16,4,12,0.32662835249042155,208.8,140.6,265,8.203
0.001,0.5,0.1,-55.930000000000035,0.25,8,2,6,0.3207449316360209,212.1,144.06999999999996,265,8.418
0.001,0.5,0.125,-57,0.2857142857142857,7,2,5,0.3361188486536676,215.4,143,265,8.329
0.001,0.5,0.15,-67.25999999999999,0.2857142857142857,7,2,5,0.39151959660783864,218.15,132.74,265,8.415
0.001,0.55,0.05,-61.73999999999998,0.25,20,5,15,0.3086999999999999,200,138.26000000000002,369,8.284
0.001,0.55,0.075,-65.04999999999998,0.23076923076923078,13,3,10,0.32524999999999993,200,134.95000000000002,369,8.294
0.001,0.55,0.1,-68.42000000000002,0.2727272727272727,11,3,8,0.34210000000000007,200,131.57999999999998,370,8.359
0.001,0.55,0.125,-72.66,0.3,10,3,7,0.36329999999999996,200,127.34,370,8.342
0.001,0.55,0.15,-65.47999999999999,0.3333333333333333,9,3,6,0.32739999999999997,200,134.52,374,8.411
0.001,0.6,0.05,18.501840796020133,0.4748603351955307,179,85,94,0.31163577072053916,317.42184079602015,218.50184079602013,460,8.171
0.001,0.6,0.075,9.280000000000058,0.5306122448979592,49,26,23,0.30351437699680495,300.48,209.28000000000006,469,8.28
0.001,0.6,0.1,-62.37999999999994,0.35714285714285715,14,5,9,0.3118999999999997,200,137.62000000000006,472,8.564
0.001,0.6,0.125,-67.44000000000005,0.38461538461538464,13,5,8,0.3372000000000003,200,132.55999999999995,472,8.265
0.001,0.6,0.15,-65.34999999999997,0.36363636363636365,11,4,7,0.3267499999999998,200,134.65000000000003,472,8.258
0.001,0.65,0.05,-2.2591044776120555,0.5255102040816326,196,103,93,0.3078017445186642,285.67089552238804,197.74089552238794,559,8.151
0.001,0.65,0.075,-60.72999999999996,0.5384615384615384,39,21,18,0.3211970560998195,205.17000000000002,139.27000000000004,567,8.278
0.001,0.65,0.1,-61.579999999999984,0.42105263157894735,19,8,11,0.32981504793260386,206.54000000000002,138.42000000000002,567,8.378
0.001,0.65,0.125,-56.25,0.4666666666666667,15,7,8,0.30303030303030315,206.25000000000003,143.75,570,8.245
0.001,0.65,0.15,-66.76000000000002,0.4666666666666667,15,7,8,0.35498862371109063,206.56999999999996,133.23999999999998,570,8.227
0.0012,0.45,0.05,-3.8800000000000523,0.3783783783783784,74,28,46,0.3028083896196234,281.3,196.11999999999995,115,8.585
0.0012,0.45,0.075,27.87999999999991,0.4166666666666667,48,20,28,0.30558264261335955,328.15999999999997,227.8799999999999,116,8.702
0.0012,0.45,0.1,55.8400000000002,0.43478260869565216,46,20,26,0.31034854570450393,370.97,255.8400000000002,116,8.729
0.0012,0.45,0.125,82.87,0.4634146341463415,41,19,22,0.30765841838607816,408.56999999999994,282.87,119,8.607
0.0012,0.45,0.15,109.74999999999994,0.475,40,19,21,0.3021919845006647,443.89,309.74999999999994,119,8.632
0.0012,0.5,0.05,92.63,0.4634146341463415,82,38,44,0.3019489038906513,419.2099999999999,292.63,170,8.475
0.0012,0.5,0.075,185.71000000000015,0.49206349206349204,63,31,32,0.30493936172129815,554.9300000000002,385.71000000000015,170,8.475
0.0012,0.5,0.1,125.29000000000002,0.5625,32,18,14,0.3345675476638573,488.84000000000003,325.29,174,8.601
0.0012,0.5,0.125,159.56,0.5625,32,18,14,0.36063445774134467,562.37,359.56,174,8.531
0.0012,0.5,0.15,-66.73000000000002,0,3,0,3,0.3336500000000001,200,133.26999999999998,175,8.613
0.0012,0.55,0.05,264.53189054726374,0.5268817204301075,186,98,88,0.24930679342444073,561.8518905472637,464.53189054726374,230,8.378
0.0012,0.55,0.075,-62.22999999999999,0.1,10,1,9,0.31871229354168723,202.22,137.77,243,8.465
0.0012,0.55,0.1,-60.19999999999999,0.14285714285714285,7,1,6,0.3095614381667324,202.48,139.8,245,8.48
0.0012,0.55,0.125,-64.46999999999997,0.16666666666666666,6,1,5,0.3315083357995461,202.74,135.53000000000003,245,8.457
0.0012,0.55,0.15,-75.23000000000002,0.16666666666666666,6,1,5,0.38536945812807893,203,124.76999999999998,245,8.497
0.0012,0.6,0.05,1086.3688557213934,0.592436974789916,238,141,97,0.2214174054388975,1316.1988557213933,1286.3688557213934,303,8.371
0.0012,0.6,0.075,1282.048756218905,0.582089552238806,201,117,84,0.3180491869704663,2173.248756218905,1482.048756218905,304,8.317
0.0012,0.6,0.1,289.78870646766194,0.6231884057971014,69,43,26,0.30408830983939183,703.8087064676619,489.78870646766194,312,8.368
0.0012,0.6,0.125,-60.809999999999974,0.2857142857142857,7,2,5,0.31345565749235466,202.74,139.19000000000003,316,8.323
0.0012,0.6,0.15,-71.1,0.2857142857142857,7,2,5,0.3650246305418719,203,128.9,316,8.301
0.0012,0.65,0.05,1086.94487562189,0.6091549295774648,284,173,111,0.24798649726894825,1308.3948756218904,1286.94487562189,366,8.185
0.0012,0.65,0.075,-54.97,0.3076923076923077,13,4,9,0.3002171290711701,207.25,145.03,377,8.275
0.0012,0.65,0.1,-61.839999999999975,0.3,10,3,7,0.3390422427402764,209.03,138.16000000000003,377,8.324
0.0012,0.65,0.125,-64.75000000000003,0.3333333333333333,9,3,6,0.3587008060692273,210.9,135.24999999999997,377,8.276
0.0012,0.65,0.15,-54.339999999999975,0.375,8,3,5,0.3151213090088395,212.68,145.66000000000003,381,8.288
0.0014,0.45,0.05,71.35999999999984,0.42168674698795183,83,35,48,0.23509439594060147,300.11999999999983,271.35999999999984,86,8.46
0.0014,0.45,0.075,85.07000000000005,0.42168674698795183,83,35,48,0.22625659050966573,325.9100000000001,285.07000000000005,86,8.442
0.0014,0.45,0.1,91.91000000000031,0.42168674698795183,83,35,48,0.23760828502572692,343.1800000000003,291.9100000000003,86,8.439
0.0014,0.45,0.125,97.18000000000006,0.42168674698795183,83,35,48,0.26777229941730135,359.27000000000004,297.18000000000006,86,8.479
0.0014,0.45,0.15,104.91999999999996,0.42168674698795183,83,35,48,0.29585717806193684,374.63,304.91999999999996,86,8.572
0.0014,0.5,0.05,158.7800000000002,0.4953271028037383,107,53,54,0.2984135049683825,393.7500000000002,358.7800000000002,120,8.588
0.0014,0.5,0.075,119.33000000000015,0.5,42,21,21,0.3113435410825965,463.7000000000002,319.33000000000015,124,8.582
0.0014,0.5,0.1,190.6900000000001,0.5,42,21,21,0.3664520732320365,616.6700000000001,390.6900000000001,124,8.581
0.0014,0.5,0.125,297.06999999999977,0.5121951219512195,41,21,20,0.334640662856225,747.0699999999997,497.06999999999977,124,8.597
0.0014,0.5,0.15,-62.640000000000015,0,3,0,3,0.3132000000000001,200,137.35999999999999,125,8.597
0.0014,0.55,0.05,22.289999999999935,0.484375,64,31,33,0.30791743204956573,321.18999999999994,222.28999999999994,163,8.557
0.0014,0.55,0.075,-59.109999999999985,0.18181818181818182,11,2,9,0.30207559320354677,201.87,140.89000000000001,168,8.595
0.0014,0.55,0.1,-60.08000000000001,0.14285714285714285,7,1,6,0.30787495053423036,202.16,139.92,169,8.751
0.0014,0.55,0.125,-62.870000000000005,0.16666666666666666,6,1,5,0.3243163340724316,202.95,137.13,169,8.772
0.0014,0.55,0.15,-60.22,0.2,5,1,4,0.3122416847077347,203.24,139.78,169,8.717
0.0014,0.6,0.05,156.94999999999993,0.5535714285714286,112,62,50,0.3081962129581177,515.9699999999999,356.94999999999993,214,8.421
0.0014,0.6,0.075,257.3900000000001,0.5903614457831325,83,49,34,0.3237876995860437,676.4000000000001,457.3900000000001,215,8.457
0.0014,0.6,0.1,360.72,0.5975609756097561,82,49,33,0.32699601517115556,833.16,560.72,218,8.546
0.0014,0.6,0.125,332.2500000000001,0.6086956521739131,69,42,27,0.30731789846302004,768.3900000000001,532.2500000000001,218,8.644
0.0014,0.6,0.15,-65.88000000000002,0.2857142857142857,7,2,5,0.340090533359575,203.24,134.11999999999998,219,8.681
0.0014,0.65,0.05,736.7400000000001,0.6080402010050251,199,121,78,0.22673664177167724,985.9400000000002,936.7400000000001,254,8.529
0.0014,0.65,0.075,59.839999999999975,0.5538461538461539,130,72,58,0.3318934485241182,388.92,259.84,254,8.545
0.0014,0.65,0.1,-60.75000000000003,0.2222222222222222,9,2,7,0.31118915710328465,202.16,139.24999999999997,259,8.54
0.0014,0.65,0.125,-65.66999999999999,0.25,8,2,6,0.3381128356738112,202.95,134.33,259,8.6
0.0014,0.65,0.15,-77.02999999999999,0.25,8,2,6,0.39495178114544377,203.24,122.97000000000001,259,8.558
0.0016,0.45,0.05,67.05999999999989,0.509090909090909,55,28,27,0.296353522867738,323.59999999999997,267.0599999999999,57,8.693
0.0016,0.45,0.075,56.32999999999993,0.5,32,16,16,0.35061941073645286,394.72999999999996,256.3299999999999,57,8.61
0.0016,0.45,0.1,116.52000000000004,0.5172413793103449,29,15,14,0.32984692257203957,472.31000000000006,316.52000000000004,57,8.634
0.0016,0.45,0.125,161.13000000000017,0.5,26,13,13,0.3261117020284012,535.8900000000001,361.13000000000017,57,8.559
0.0016,0.45,0.15,200.6300000000001,0.5,26,13,13,0.33055393098838654,598.45,400.6300000000001,57,8.629
0.0016,0.5,0.05,101.61000000000013,0.5194805194805194,77,40,37,0.23599043322939067,330.31000000000006,301.6100000000001,85,8.52
0.0016,0.5,0.075,75.81000000000012,0.4888888888888889,45,22,23,0.33877541235136155,417.12000000000006,275.8100000000001,86,8.569
0.0016,0.5,0.1,150.63999999999993,0.5,36,18,18,0.3082386363636365,506.88,350.63999999999993,86,8.634
0.0016,0.5,0.125,186.59000000000015,0.5142857142857142,35,18,17,0.32214059020532676,570.3100000000001,386.59000000000015,86,8.718
0.0016,0.5,0.15,237.52999999999986,0.5142857142857142,35,18,17,0.3262446295754478,649.3899999999999,437.52999999999986,86,8.693
0.0016,0.55,0.05,174.61999999999995,0.5353535353535354,99,53,46,0.2956539551398041,394.21999999999997,374.61999999999995,111,8.601
0.0016,0.55,0.075,24.95999999999995,0.47619047619047616,42,20,22,0.31175426788227384,326.85999999999996,224.95999999999995,112,8.602
0.0016,0.55,0.1,28.769999999999953,0.4878048780487805,41,20,21,0.31043525440077163,331.75999999999993,228.76999999999995,114,8.609
0.0016,0.55,0.125,-53.150000000000006,0.3,10,3,7,0.315607960106259,214.57,146.85,119,8.644
0.0016,0.55,0.15,-49.25000000000003,0.2857142857142857,7,2,5,0.3080418617460756,217.86,150.74999999999997,119,8.662
0.0016,0.6,0.05,471.4999999999998,0.6147540983606558,122,75,47,0.22922108615070821,706.6999999999998,671.4999999999998,137,8.587
0.0016,0.6,0.075,163.23000000000002,0.5866666666666667,75,44,31,0.3029820386859074,521.1200000000001,363.23,137,8.587
0.0016,0.6,0.1,233.27999999999997,0.5862068965517241,58,34,24,0.31487484385129916,632.4100000000001,433.28,137,8.585
0.0016,0.6,0.125,-51.99000000000001,0.2857142857142857,7,2,5,0.31020179894673067,214.57,148.01,145,8.606
0.0016,0.6,0.15,-56.69999999999999,0.2,5,1,4,0.34223813458184155,217.86,143.3,145,8.61
0.0016,0.65,0.05,538.6899999999999,0.6333333333333333,150,95,55,0.28858363153641936,777.4899999999999,738.6899999999999,180,8.617
0.0016,0.65,0.075,93.46999999999986,0.5866666666666667,75,44,31,0.3020595509893456,420.47999999999985,293.46999999999986,180,8.616
0.0016,0.65,0.1,136.40000000000003,0.5866666666666667,75,44,31,0.3199369263736706,494.6599999999999,336.40000000000003,180,8.645
0.0016,0.65,0.125,-51.910000000000025,0.2857142857142857,7,2,5,0.30982896024607365,214.57,148.08999999999997,182,8.633
0.0016,0.65,0.15,-56.69999999999999,0.2,5,1,4,0.34223813458184155,217.86,143.3,182,8.69
0.0018,0.45,0.05,40.18999999999997,0.5,32,16,16,0.1270609981515713,270.5,240.18999999999997,32,8.767
0.0018,0.45,0.075,51.93999999999994,0.5,32,16,16,0.19751552795031072,313.95,251.93999999999994,32,8.84
0.0018,0.45,0.1,59.29000000000019,0.5,32,16,16,0.2774820965809341,358.87,259.2900000000002,32,8.728
0.0018,0.45,0.125,84.07999999999998,0.48148148148148145,27,13,14,0.30762856446502557,410.29999999999995,284.08,32,8.76
0.0018,0.45,0.15,118.95999999999987,0.5,14,7,7,0.31465406102277627,465.3999999999999,318.95999999999987,32,8.837
0.0018,0.5,0.05,68.25995024875618,0.5471698113207547,53,29,24,0.26583576755254423,303.2699502487562,268.2599502487562,57,8.744
0.0018,0.5,0.075,42.13393034825876,0.5,32,16,16,0.34613874741210543,370.3139303482587,242.13393034825876,57,8.718
0.0018,0.5,0.1,110.16890547263682,0.52,25,13,12,0.3108106659055186,450.0489054726369,310.1689054726368,57,8.761
0.0018,0.5,0.125,172.45288557213928,0.5454545454545454,22,12,10,0.3079822212427918,538.2128855721393,372.4528855721393,57,8.783
0.0018,0.5,0.15,241.77686567164181,0.5714285714285714,21,12,9,0.31278055589479076,642.8468656716418,441.7768656716418,57,8.757
0.0018,0.55,0.05,91.81,0.5571428571428572,70,39,31,0.27584206395249644,307.01,291.81,78,8.681
0.0018,0.55,0.075,47.53999999999999,0.5,32,16,16,0.3018782785267076,354.58,247.54,80,8.638
0.0018,0.55,0.1,88.32,0.5357142857142857,28,15,13,0.31099746690245195,418.46000000000004,288.32,80,8.685
0.0018,0.55,0.125,128.2199999999999,0.5555555555555556,27,15,12,0.3061914727207391,473.06999999999994,328.2199999999999,80,8.807
0.0018,0.55,0.15,155.15000000000003,0.5555555555555556,27,15,12,0.32588641712853994,526.84,355.15000000000003,80,8.716
0.0018,0.6,0.05,178.1099999999999,0.6111111111111112,90,55,35,0.26074068907797465,397.7099999999999,378.1099999999999,101,8.67
0.0018,0.6,0.075,33.8599999999999,0.5263157894736842,38,20,18,0.3041330675156963,336.06999999999994,233.8599999999999,101,8.755
0.0018,0.6,0.1,60.57999999999987,0.5277777777777778,36,19,17,0.3178534031413615,381.99999999999994,260.57999999999987,101,8.802
0.0018,0.6,0.125,-55.36000000000004,0.3333333333333333,12,4,8,0.3199492218722086,212.69,144.63999999999996,102,8.771
0.0018,0.6,0.15,-51.620000000000005,0.2857142857142857,7,2,5,0.3099888392857143,215.04,148.38,102,8.714
0.0018,0.65,0.05,436.5999999999998,0.6727272727272727,110,74,36,0.17850679902797145,669.7999999999998,636.5999999999998,129,8.67
0.0018,0.65,0.075,145.67000000000013,0.6521739130434783,69,45,24,0.30814802954186077,499.63000000000005,345.67000000000013,129,8.613
0.0018,0.65,0.1,224.20000000000005,0.66,50,33,17,0.3067381392080275,611.89,424.20000000000005,129,8.67
0.0018,0.65,0.125,249.25999999999993,0.6666666666666666,48,32,16,0.36898140344963204,711.9599999999999,449.25999999999993,129,8.606
0.0018,0.65,0.15,-56.58000000000001,0.2857142857142857,7,2,5,0.3330543154761905,215.04,143.42,129,8.711
0.002,0.45,0.05,46.45999999999998,0.5,20,10,10,0.06880509304603336,259.26,246.45999999999998,20,8.785
0.002,0.45,0.075,69.72000000000003,0.5,20,10,10,0.10680115701253423,291.32000000000005,269.72,20,8.797
0.002,0.45,0.1,92.44000000000005,0.5,20,10,10,0.1439191700740041,324.44000000000005,292.44000000000005,20,8.732
0.002,0.45,0.125,114.46000000000004,0.5,20,10,10,0.18149774287304446,358.86,314.46000000000004,20,8.752
0.002,0.45,0.15,132.96000000000004,0.5,20,10,10,0.21861552053350047,390.96000000000004,332.96000000000004,20,8.69
0.002,0.5,0.05,145.7600000000001,0.6060606060606061,33,20,13,0.13043172054370022,363.7600000000001,345.7600000000001,35,8.704
0.002,0.5,0.075,218.16000000000003,0.6060606060606061,33,20,13,0.19621270767581722,451.76000000000005,418.16,35,8.852
0.002,0.5,0.1,251.78000000000014,0.6060606060606061,33,20,13,0.2501331709915529,501.78000000000014,451.78000000000014,35,8.854
0.002,0.5,0.125,113.91000000000003,0.5555555555555556,27,15,12,0.3209232899234197,462.26,313.91,35,8.806
0.002,0.5,0.15,169.7399999999999,0.5454545454545454,22,12,10,0.311663408731267,537.15,369.7399999999999,35,8.794
0.002,0.55,0.05,204.7999999999999,0.6304347826086957,46,29,17,0.17775307490945608,425.9999999999999,404.7999999999999,53,8.783
0.002,0.55,0.075,323.07000000000005,0.6304347826086957,46,29,17,0.22348232154769848,565.07,523.07,53,8.799
0.002,0.55,0.1,378.86,0.6304347826086957,46,29,17,0.25846484726945107,642.86,578.86,53,8.778
0.002,0.55,0.125,402.2499999999999,0.6304347826086957,46,29,17,0.26607019225648404,687.8499999999999,602.2499999999999,53,8.76
0.002,0.55,0.15,437.95000000000005,0.6304347826086957,46,29,17,0.2982338421721106,750.35,637.95,53,8.707
0.002,0.6,0.05,241.16000000000008,0.6666666666666666,63,42,21,0.211422809607836,463.9600000000001,441.1600000000001,72,8.817
0.002,0.6,0.075,395.46000000000004,0.6666666666666666,63,42,21,0.2958241623868915,643.46,595.46,72,8.817
0.002,0.6,0.1,62.34999999999985,0.5555555555555556,36,20,16,0.30716209792425947,378.6599999999999,262.34999999999985,72,8.75
0.002,0.6,0.125,96.29999999999995,0.53125,32,17,15,0.3203816688838938,435.97999999999996,296.29999999999995,72,8.797
0.002,0.6,0.15,147.4899999999999,0.52,25,13,12,0.30458884508395223,499.69,347.4899999999999,72,8.752
0.002,0.65,0.05,445.8699999999998,0.7073170731707317,82,58,24,0.18577087828915587,679.4699999999998,645.8699999999998,95,8.742
0.002,0.65,0.075,729.0800000000002,0.7073170731707317,82,58,24,0.2739169675090254,1004.2800000000002,929.0800000000002,95,8.76
0.002,0.65,0.1,89.68,0.6470588235294118,34,22,12,0.33734416104312015,437.15,289.68,95,8.653
0.002,0.65,0.125,144.0100000000001,0.6666666666666666,33,22,11,0.31003429671674104,498.59000000000003,344.0100000000001,95,8.706
0.002,0.65,0.15,163.3400000000001,0.6666666666666666,33,22,11,0.33069299635265065,542.86,363.3400000000001,95,8.717
0.0022,0.45,0.05,23.830000000000013,0.42857142857142855,14,6,8,0.11777659964928029,245.21000000000004,223.83,14,8.797
0.0022,0.45,0.075,34.99999999999994,0.42857142857142855,14,6,8,0.17333726806595612,271.09,234.99999999999994,14,8.728
0.0022,0.45,0.1,45.290000000000106,0.42857142857142855,14,6,8,0.2271237458193977,299,245.2900000000001,14,8.867
0.0022,0.45,0.125,52.81,0.42857142857142855,14,6,8,0.27893175074183973,326.89,252.81,14,8.855
0.0022,0.45,0.15,39.20999999999995,0.4166666666666667,12,5,7,0.3307126269550377,357.40999999999997,239.20999999999995,14,8.88
0.0022,0.5,0.05,116.99999999999994,0.6296296296296297,27,17,10,0.10554311310190398,333.3999999999999,316.99999999999994,29,8.878
0.0022,0.5,0.075,191.78000000000014,0.6296296296296297,27,17,10,0.15574899616049684,423.38000000000017,391.78000000000014,29,8.772
0.0022,0.5,0.1,256.33000000000004,0.6296296296296297,27,17,10,0.20673172181493962,506.73,456.33000000000004,29,8.832
0.0022,0.5,0.125,318.3499999999999,0.6296296296296297,27,17,10,0.2501418633488158,591.9499999999999,518.3499999999999,29,8.861
0.0022,0.5,0.15,387.2199999999997,0.6296296296296297,27,17,10,0.2794273690268515,690.8199999999997,587.2199999999997,29,8.753
0.0022,0.55,0.05,81.2000000000001,0.5882352941176471,34,20,14,0.18702784372976455,295.6000000000001,281.2000000000001,43,8.716
0.0022,0.55,0.075,80.02999999999997,0.5882352941176471,34,20,14,0.2862188623125543,322.76,280.03,43,8.729
0.0022,0.55,0.1,45.03999999999988,0.5185185185185185,27,14,13,0.34878282130328486,376.27999999999986,245.03999999999988,43,8.856
0.0022,0.55,0.125,98.37,0.5217391304347826,23,12,11,0.3130180512064838,434.32000000000005,298.37,43,8.792
0.0022,0.55,0.15,131.1500000000001,0.5217391304347826,23,12,11,0.33311180924762357,496.56000000000006,331.1500000000001,43,8.813
0.0022,0.6,0.05,167.67000000000013,0.6666666666666666,42,28,14,0.18861777100966812,386.8700000000001,367.67000000000013,50,8.707
0.0022,0.6,0.075,254.45000000000005,0.6666666666666666,42,28,14,0.28168887017712685,491.25000000000006,454.45000000000005,50,8.717
0.0022,0.6,0.1,58.569999999999936,0.56,25,14,11,0.33725490196078445,390.15,258.56999999999994,50,8.68
0.0022,0.6,0.125,112.38000000000005,0.5833333333333334,24,14,10,0.3116654180071394,453.8200000000001,312.38000000000005,50,8.695
0.0022,0.6,0.15,153.74000000000007,0.5833333333333334,24,14,10,0.3233482535674662,522.7800000000001,353.74000000000007,50,8.729
0.0022,0.65,0.05,358.9599999999999,0.7321428571428571,56,41,15,0.11998210176425493,588.16,558.9599999999999,65,8.722
0.0022,0.65,0.075,659.98,0.7321428571428571,56,41,15,0.19478989396517873,929.58,859.98,65,8.689
0.0022,0.65,0.1,1002.1699999999998,0.7321428571428571,56,41,15,0.26319855781612167,1335.37,1202.1699999999998,65,8.74
0.0022,0.65,0.125,158.77999999999992,0.6470588235294118,34,22,12,0.3416880733944954,544.9999999999999,358.7799999999999,65,8.691
0.0022,0.65,0.15,216.81999999999994,0.6666666666666666,30,20,10,0.317415868337018,610.65,416.81999999999994,65,8.679
0.0024,0.45,0.05,5.310000000000002,0.3333333333333333,9,3,6,0.13785794618911662,231.17999999999998,205.31,9,8.769
0.0024,0.45,0.075,7.519999999999982,0.3333333333333333,9,3,6,0.19946797791302237,248.10999999999999,207.51999999999998,9,8.745
0.0024,0.45,0.1,7.749999999999972,0.3333333333333333,9,3,6,0.25990741786157856,265.71,207.74999999999997,9,8.748
0.0024,0.45,0.125,-6.289999999999992,0.2857142857142857,7,2,5,0.31626133916910804,283.31,193.71,9,8.791
0.0024,0.45,0.15,7.5,0.3333333333333333,6,2,4,0.3119570263280058,301.58,207.5,9,8.883
0.0024,0.5,0.05,21.849999999999966,0.5,14,7,7,0.17087117389841922,267.57,221.84999999999997,15,8.912
0.0024,0.5,0.075,31.25000000000003,0.5,14,7,7,0.2518844424314968,309.11,231.25000000000003,15,8.922
0.0024,0.5,0.1,45.1100000000001,0.5,12,6,6,0.3092768979315784,354.86,245.1100000000001,15,8.905
0.0024,0.5,0.125,73.37,0.5454545454545454,11,6,5,0.3276519343810719,406.59000000000003,273.37,16,8.892
0.0024,0.5,0.15,110.65999999999991,0.6,10,6,4,0.3310652225404278,464.40999999999997,310.6599999999999,16,8.893
0.0024,0.55,0.05,96.64999999999986,0.6153846153846154,26,16,10,0.14075274083562528,311.84999999999985,296.64999999999986,30,8.807
0.0024,0.55,0.075,132.39,0.6153846153846154,26,16,10,0.20786701777485203,359.19,332.39,30,8.819
0.0024,0.55,0.1,162.17000000000013,0.6153846153846154,26,16,10,0.26955666734144984,402.17000000000013,362.17000000000013,30,8.708
0.0024,0.55,0.125,65.13000000000005,0.5294117647058824,17,9,8,0.3260549059481443,393.40000000000003,265.13000000000005,30,8.605
0.0024,0.55,0.15,97.32,0.5625,16,9,7,0.3302095066456409,443.9,297.32,30,8.613
0.0024,0.6,0.05,104.2899999999999,0.6428571428571429,28,18,10,0.12210375616923494,319.88999999999993,304.2899999999999,32,8.589
0.0024,0.6,0.075,156.5200000000001,0.6428571428571429,28,18,10,0.182159315339039,385.3200000000001,356.5200000000001,32,8.601
0.0024,0.6,0.1,188.96000000000015,0.6428571428571429,28,18,10,0.23751409815205757,432.16000000000014,388.96000000000015,32,8.585
0.0024,0.6,0.125,218.04999999999995,0.6428571428571429,28,18,10,0.2905185561769192,477.65,418.04999999999995,32,8.602
0.0024,0.6,0.15,93.04000000000002,0.5555555555555556,18,10,8,0.3398513178643838,443.9,293.04,32,8.588
0.0024,0.65,0.05,134.31,0.6857142857142857,35,24,11,0.1226978140675919,351.51,334.31,39,8.583
0.0024,0.65,0.075,203.38999999999993,0.6857142857142857,35,24,11,0.18241897233201565,435.7899999999999,403.38999999999993,39,8.607
0.0024,0.65,0.1,265.36,0.6857142857142857,35,24,11,0.2383351946177102,516.96,465.36,39,8.582
0.0024,0.65,0.125,90.79000000000008,0.6296296296296297,27,17,10,0.3104176053499014,421.69,290.7900000000001,39,8.573
0.0024,0.65,0.15,119.65999999999997,0.6,20,12,8,0.3403223476484306,484.57,319.65999999999997,39,8.618
0.0026,0.45,0.05,0.22000000000002728,0.3333333333333333,9,3,6,0.14100529100529097,226.8,200.22000000000003,9,8.606
0.0026,0.45,0.075,-1.2400000000000375,0.3333333333333333,9,3,6,0.20775026910656624,241.54,198.75999999999996,9,8.59
0.0026,0.45,0.1,-2.730000000000018,0.3333333333333333,9,3,6,0.2661867689057548,255.60999999999999,197.26999999999998,9,8.635
0.0026,0.45,0.125,-17.640000000000015,0.2857142857142857,7,2,5,0.32713452881706145,271.02,182.35999999999999,9,8.605
0.0026,0.45,0.15,-2.7299999999999898,0.3333333333333333,6,2,4,0.31288749564611634,287.1,197.27,9,8.59
0.0026,0.5,0.05,4.840000000000032,0.4166666666666667,12,5,7,0.19468469885202067,254.36,204.84000000000003,13,8.595
0.0026,0.5,0.075,5.700000000000017,0.4166666666666667,12,5,7,0.2816985019380521,286.37,205.70000000000002,13,8.592
0.0026,0.5,0.1,20.719999999999914,0.45454545454545453,11,5,6,0.3118628215120812,320.74999999999994,220.7199999999999,13,8.607
0.0026,0.5,0.125,43.10000000000005,0.5,10,5,5,0.32255817193813563,358.85,243.10000000000005,14,8.598
0.0026,0.5,0.15,73.59999999999997,0.5555555555555556,9,5,4,0.3186402689577886,401.54999999999995,273.59999999999997,14,8.608
0.0026,0.55,0.05,32.02000000000001,0.55,20,11,9,0.12071499503475665,251.75,232.02,24,8.6
0.0026,0.55,0.075,47.920000000000044,0.55,20,11,9,0.17961475584618652,281.38,247.92000000000004,24,8.586
0.0026,0.55,0.1,62.39999999999998,0.55,20,11,9,0.23708583977847789,314.18999999999994,262.4,24,8.574
0.0026,0.55,0.125,76.41999999999996,0.55,20,11,9,0.2904854814644785,348.52,276.41999999999996,24,8.633
0.0026,0.55,0.15,59.34000000000003,0.5333333333333333,15,8,7,0.32794319624763524,385.89,259.34000000000003,24,8.614
0.0026,0.6,0.05,40.079999999999984,0.5909090909090909,22,13,9,0.09767626613704072,252.48,240.07999999999998,26,8.626
0.0026,0.6,0.075,56.07000000000005,0.5909090909090909,22,13,9,0.1492998791669627,281.38,256.07000000000005,26,8.618
0.0026,0.6,0.1,71.87999999999994,0.5909090909090909,22,13,9,0.19844679970718349,314.18999999999994,271.87999999999994,26,8.619
0.0026,0.6,0.125,87.0499999999999,0.5909090909090909,22,13,9,0.24236772638586046,348.52,287.0499999999999,26,8.599
0.0026,0.6,0.15,108.21000000000004,0.5909090909090909,22,13,9,0.286506517401332,385.89,308.21000000000004,26,8.612
0.0026,0.65,0.05,59.860000000000014,0.64,25,16,9,0.09767626613704072,273.46000000000004,259.86,29,8.642
0.0026,0.65,0.075,82.41000000000003,0.64,25,16,9,0.1492998791669627,305.21000000000004,282.41,29,8.61
0.0026,0.65,0.1,106.26999999999992,0.64,25,16,9,0.19844679970718349,340.2699999999999,306.2699999999999,29,8.636
0.0026,0.65,0.125,126.51999999999987,0.64,25,16,9,0.24236772638586046,372.9199999999999,326.51999999999987,29,8.599
0.0026,0.65,0.15,133.7,0.64,25,16,9,0.286506517401332,392.5,333.7,29,8.616
0.0028,0.45,0.05,1.2899999999999636,0.3333333333333333,9,3,6,0.12907229289481853,225.60999999999999,201.28999999999996,9,8.609
0.0028,0.45,0.075,-0.3199999999999932,0.3333333333333333,9,3,6,0.1932744991425822,239.08999999999997,199.68,9,8.59
0.0028,0.45,0.1,-1.5600000000000023,0.3333333333333333,9,3,6,0.25193966366035203,253.90999999999997,198.44,9,8.624
0.0028,0.45,0.125,-14.039999999999964,0.2857142857142857,7,2,5,0.3062747146161306,268.06,185.96000000000004,9,8.62
0.0028,0.45,0.15,-18.039999999999964,0.2857142857142857,7,2,5,0.3582789631458296,283.55,181.96000000000004,9,8.599
0.0028,0.5,0.05,5.4199999999999875,0.4166666666666667,12,5,7,0.1814305638573421,250.95,205.42,12,8.594
0.0028,0.5,0.075,8.259999999999962,0.4166666666666667,12,5,7,0.26248317869537513,282.38,208.25999999999996,12,8.586
0.0028,0.5,0.1,8.649999999999949,0.4166666666666667,12,5,7,0.33759801898472974,314.98999999999995,208.64999999999995,12,8.576
0.0028,0.5,0.125,45.39000000000007,0.5,10,5,5,0.30253247306937997,351.83000000000004,245.39000000000007,13,8.597
0.0028,0.5,0.15,52.85000000000005,0.5,10,5,5,0.35340749264799887,391.05,252.85000000000005,13,8.605
0.0028,0.55,0.05,22.489999999999952,0.5,18,9,9,0.11130669723268392,244.27999999999997,222.48999999999995,21,8.573
0.0028,0.55,0.075,31.590000000000003,0.5,18,9,9,0.16806816490549184,268.76,231.59,21,8.581
0.0028,0.55,0.1,40.29000000000002,0.5,18,9,9,0.21977648697306293,294.39,240.29000000000002,21,8.581
0.0028,0.55,0.125,49.06999999999999,0.5,18,9,9,0.2683781353672527,322.53,249.07,21,8.585
0.0028,0.55,0.15,44.78000000000003,0.5,14,7,7,0.30663116449026995,353.03000000000003,244.78000000000003,21,8.594
0.0028,0.6,0.05,31.22999999999996,0.5714285714285714,21,12,9,0.0898528584063682,248.73999999999998,231.22999999999996,24,8.613
0.0028,0.6,0.075,46.31000000000009,0.5714285714285714,21,12,9,0.13532126631571345,277.34000000000003,246.3100000000001,24,8.621
0.0028,0.6,0.1,59.78000000000003,0.5714285714285714,21,12,9,0.17920737086287455,306.07000000000005,259.78000000000003,24,8.599
0.0028,0.6,0.125,80.32999999999998,0.5714285714285714,21,12,9,0.22166224580017677,339.3,280.33,24,8.583
0.0028,0.6,0.15,101.88999999999999,0.5714285714285714,21,12,9,0.2644220516101514,375.12,301.89,24,8.606
0.0028,0.65,0.05,31.22999999999996,0.5714285714285714,21,12,9,0.0898528584063682,248.73999999999998,231.22999999999996,24,8.59
0.0028,0.65,0.075,46.31000000000009,0.5714285714285714,21,12,9,0.13532126631571345,277.34000000000003,246.3100000000001,24,8.602
0.0028,0.65,0.1,59.78000000000003,0.5714285714285714,21,12,9,0.17920737086287455,306.07000000000005,259.78000000000003,24,8.602
0.0028,0.65,0.125,80.32999999999998,0.5714285714285714,21,12,9,0.22166224580017677,339.3,280.33,24,8.627
0.0028,0.65,0.15,101.88999999999999,0.5714285714285714,21,12,9,0.2644220516101514,375.12,301.89,24,8.634
0.003,0.45,0.05,2.409999999999968,0.3333333333333333,6,2,4,0.10631815974215203,226.48999999999998,202.40999999999997,6,8.616
0.003,0.45,0.075,3.5500000000000114,0.3333333333333333,6,2,4,0.1568984798906515,241.43,203.55,6,8.59
0.003,0.45,0.1,3.069999999999993,0.3333333333333333,6,2,4,0.20576501877346687,255.68,203.07,6,8.622
0.003,0.45,0.125,2.9100000000000534,0.3333333333333333,6,2,4,0.2520549964982121,271.29,202.91000000000005,6,8.594
0.003,0.45,0.15,2.0499999999999545,0.3333333333333333,6,2,4,0.2956985499163415,286.88,202.04999999999995,6,8.607
0.003,0.5,0.05,18.620000000000005,0.5,10,5,5,0.12827465209936595,250.79,218.62,10,8.616
0.003,0.5,0.075,27.53,0.5,10,5,5,0.1896502599900277,280.78,227.53,10,8.592
0.003,0.5,0.1,35.230000000000075,0.5,10,5,5,0.2471194469338112,312.44000000000005,235.23000000000008,10,8.627
0.003,0.5,0.125,43.170000000000016,0.5,10,5,5,0.30197778224301747,348.37,243.17000000000002,10,8.606
0.003,0.5,0.15,50.16999999999999,0.5,10,5,5,0.3527296248382924,386.5,250.17,10,8.617
0.003,0.55,0.05,24.399999999999977,0.5384615384615384,13,7,6,0.10863952333664348,251.74999999999997,224.39999999999998,16,8.592
0.003,0.55,0.075,36.68000000000001,0.5384615384615384,13,7,6,0.1619573684583245,282.42,236.68,16,8.602
0.003,0.55,0.1,47.97000000000003,0.5384615384615384,13,7,6,0.21254366465544602,314.9,247.97000000000003,16,8.643
0.003,0.55,0.125,59.27999999999997,0.5384615384615384,13,7,6,0.25977103377394584,350.27,259.28,16,8.582
0.003,0.55,0.15,69.59999999999991,0.5384615384615384,13,7,6,0.3080970101373029,389.65,269.5999999999999,16,8.614
0.003,0.6,0.05,42.41,0.6470588235294118,17,11,6,0.0763222069806432,262.44,242.41,20,8.624
0.003,0.6,0.075,66.03000000000009,0.6470588235294118,17,11,6,0.1147088186356072,300.50000000000006,266.0300000000001,20,8.601
0.003,0.6,0.1,90.32000000000005,0.6470588235294118,17,11,6,0.151830319319875,342.2900000000001,290.32000000000005,20,8.613
0.003,0.6,0.125,114.26000000000005,0.6470588235294118,17,11,6,0.1910523064250411,388.48,314.26000000000005,20,8.597
0.003,0.6,0.15,142.07,0.6470588235294118,17,11,6,0.2250515393851521,441.40999999999997,342.07,20,8.619
0.003,0.65,0.05,42.41,0.6470588235294118,17,11,6,0.0763222069806432,262.44,242.41,20,8.612
0.003,0.65,0.075,66.03000000000009,0.6470588235294118,17,11,6,0.1147088186356072,300.50000000000006,266.0300000000001,20,8.639
0.003,0.65,0.1,90.32000000000005,0.6470588235294118,17,11,6,0.151830319319875,342.2900000000001,290.32000000000005,20,8.605
0.003,0.65,0.125,114.26000000000005,0.6470588235294118,17,11,6,0.1910523064250411,388.48,314.26000000000005,20,8.601
0.003,0.65,0.15,142.07,0.6470588235294118,17,11,6,0.2250515393851521,441.40999999999997,342.07,20,8.593
