timestamp_ms,timestamp_utc,event,trade_id,amount,balance,hwm,drawdown_pct
1776008093246,2026-04-12 15:34:53 UTC,init,,0.0,99.166994,99.166994,0.0
1776038739114,2026-04-13 00:05:39 UTC,trade_close,1,-6.555178112,92.611815888,99.166994,0.06610241823000107
1776088849538,2026-04-13 14:00:49 UTC,trade_close,2,4.50342208,97.115237968,99.166994,0.020689908499192788
1776089350543,2026-04-13 14:09:10 UTC,trade_close,3,8.80398,105.919217968,105.919217968,0.0
1776089639595,2026-04-13 14:13:59 UTC,trade_close,4,7.7926400000000005,113.711857968,113.711857968,0.0
1776090249567,2026-04-13 14:24:09 UTC,trade_close,5,8.961536,122.673393968,122.673393968,0.0
1776096539615,2026-04-13 16:08:59 UTC,trade_close,6,8.1743575996,130.8477515676,130.8477515676,0.0
1776097695553,2026-04-13 16:28:15 UTC,trade_close,7,-14.566652712,116.28109885559999,130.8477515676,0.11132520457926572
1776097695553,2026-04-13 16:28:15 UTC,trade_close,8,3.8963200000000002,120.1774188556,130.8477515676,0.08154769634300808
1776098317522,2026-04-13 16:38:37 UTC,trade_close,9,-8.3813334,111.7960854556,130.8477515676,0.14560178439258337
1776098928512,2026-04-13 16:48:48 UTC,trade_close,10,-9.280942463999999,102.51514299159999,130.8477515676,0.2165311076160335
1776099462505,2026-04-13 16:57:42 UTC,trade_close,11,-12.605794151999998,89.90934883959999,130.8477515676,0.31287050971487246
1776109483532,2026-04-13 19:44:43 UTC,trade_close,12,4.285952,94.19530083959998,130.8477515676,0.2801152506549891
1776110938497,2026-04-13 20:08:58 UTC,trade_close,13,4.199410960000001,98.39471179959997,130.8477515676,0.2480213788865434
1776120960503,2026-04-13 22:56:00 UTC,trade_close,14,8.19654528,106.59125707959997,130.8477515676,0.18537952847793776
1776121995560,2026-04-13 23:13:15 UTC,trade_close,15,2.875412672,109.46666975159997,130.8477515676,0.16340427374446634
1776122510576,2026-04-13 23:21:50 UTC,trade_close,16,9.47537338104,118.94204313263997,130.8477515676,0.0909890180941258
1776123388617,2026-04-13 23:36:28 UTC,trade_close,17,3.0541769999999993,121.99622013263996,130.8477515676,0.067647562368598
1776123916548,2026-04-13 23:45:16 UTC,trade_close,18,3.5975167920000004,125.59373692463996,130.8477515676,0.040153648649022884
1776130161574,2026-04-14 01:29:21 UTC,trade_close,19,-5.220530136,120.37320678863996,130.8477515676,0.08005139296221352
1776150583521,2026-04-14 07:09:43 UTC,trade_close,20,5.365232640000001,125.73843942863996,130.8477515676,0.03904776412088676
1776154835447,2026-04-14 08:20:35 UTC,trade_close,21,-6.3284013448800005,119.41003808375996,130.8477515676,0.08741238077699001
1776170306975,2026-04-14 12:38:26 UTC,trade_close,22,12.028404672,131.43844275575995,131.43844275575995,0.0
1776176283724,2026-04-14 14:18:03 UTC,trade_close,25,13.257,144.69544275575996,144.69544275575996,0.0
1776176335736,2026-04-14 14:18:55 UTC,trade_close,23,7.978880824000002,152.67432357975997,152.67432357975997,0.0
1776176335736,2026-04-14 14:18:55 UTC,trade_close,24,-6.30517184,146.36915173975996,152.67432357975997,0.041298180939416916
1776176617554,2026-04-14 14:23:37 UTC,trade_close,26,14.357870784,160.72702252375996,160.72702252375996,0.0
1776177649971,2026-04-14 14:40:49 UTC,trade_close,27,6.381275904,167.10829842775996,167.10829842775996,0.0
1776178003519,2026-04-14 14:46:43 UTC,trade_close,28,-19.809105096,147.29919333175997,167.10829842775996,0.11854052301635618
1776178029529,2026-04-14 14:47:09 UTC,trade_close,29,-17.997730816,129.30146251575997,167.10829842775996,0.2262415228190699
1776178029529,2026-04-14 14:47:09 UTC,trade_close,30,-7.807401983999999,121.49406053175997,167.10829842775996,0.2729621348859511
1776180208882,2026-04-14 15:23:28 UTC,trade_close,31,3.779469864,125.27353039575998,167.10829842775996,0.25034524572150396
1776180748508,2026-04-14 15:32:28 UTC,trade_close,32,8.793929936000001,134.06746033175997,167.10829842775996,0.19772110904643894
1776195850549,2026-04-14 19:44:10 UTC,trade_close,33,-16.479936,117.58752433175998,167.10829842775996,0.2963394072102742
1776206407622,2026-04-14 22:40:07 UTC,trade_close,34,11.784,129.37152433175999,167.10829842775996,0.22582226287411683
1776208888111,2026-04-14 23:21:28 UTC,trade_close,35,-14.291102592000001,115.08042173975998,167.10829842775996,0.3113422683224278
1776260749548,2026-04-15 13:45:49 UTC,trade_close,36,-5.09,109.99042173975998,167.10829842775996,0.3418015575850755
1776269317126,2026-04-15 16:08:37 UTC,trade_close,37,4.6049434399999996,114.59536517975998,167.10829842775996,0.3142449162732696
1776276542983,2026-04-15 18:09:02 UTC,trade_close,38,6.503772,121.09913717975998,167.10829842775996,0.2753254128064113
1776291371547,2026-04-15 22:16:11 UTC,trade_close,39,-5.402483208,115.69665397175999,167.10829842775996,0.30765464635632656
1776295496248,2026-04-15 23:24:56 UTC,trade_close,40,7.013376000000001,122.71002997175998,167.10829842775996,0.2656855995406663
1776305334506,2026-04-16 02:08:54 UTC,trade_close,41,3.325345344,126.03537531575998,167.10829842775996,0.24578625656795608
1776308118876,2026-04-16 02:55:18 UTC,trade_close,42,11.972852944,138.00822825976,167.10829842775996,0.17413898915726067
1776341917510,2026-04-16 12:18:37 UTC,trade_close,43,10.909695999999999,148.91792425975999,167.10829842775996,0.10885380522178903
1776349458704,2026-04-16 14:24:18 UTC,trade_close,44,7.828403848000001,156.74632810775998,167.10829842775996,0.062007514991719026
1776352365515,2026-04-16 15:12:45 UTC,trade_close,45,-17.264180992,139.48214711575997,167.10829842775996,0.1653188475492893
1776353814826,2026-04-16 15:36:54 UTC,trade_close,46,3.5942658400000003,143.07641295575996,167.10829842775996,0.14381024579930635
1776353904116,2026-04-16 15:38:24 UTC,trade_close,47,14.829840896,157.90625385175997,167.10829842775996,0.055066353152880596
1776354326563,2026-04-16 15:45:26 UTC,trade_close,48,12.178291784000002,170.08454563575998,170.08454563575998,0.0
1776354326564,2026-04-16 15:45:26 UTC,trade_close,49,5.039293152,175.12383878775998,175.12383878775998,0.0
1776354759424,2026-04-16 15:52:39 UTC,trade_close,50,12.791170816000001,187.91500960375998,187.91500960375998,0.0
1776354759424,2026-04-16 15:52:39 UTC,trade_close,51,4.796689056,192.71169865975997,192.71169865975997,0.0
1776354860502,2026-04-16 15:54:20 UTC,trade_close,52,-18.690347808,174.02135085175996,192.71169865975997,0.09698605708934438
1776354860502,2026-04-16 15:54:20 UTC,trade_close,53,-6.749292264,167.27205858775997,192.71169865975997,0.1320087999271631
1776355249575,2026-04-16 16:00:49 UTC,trade_close,54,6.304790912,173.57684949975996,192.71169865975997,0.09929261841951452
1776355625792,2026-04-16 16:07:05 UTC,trade_close,55,4.554617184,178.13146668375995,192.71169865975997,0.07565826090164869
1776355826063,2026-04-16 16:10:26 UTC,trade_close,56,5.196413144,183.32787982775994,192.71169865975997,0.04869356088530738
1776356161513,2026-04-16 16:16:01 UTC,trade_close,57,-17.324399296,166.00348053175995,192.71169865975997,0.13859157650389678
1776356161513,2026-04-16 16:16:01 UTC,trade_close,58,-6.086951104000001,159.91652942775994,192.71169865975997,0.1701773657752931
1776356525277,2026-04-16 16:22:05 UTC,trade_close,59,6.7315314079999995,166.64806083575994,192.71169865975997,0.13524678576995167
1776360435514,2026-04-16 17:27:15 UTC,trade_close,60,-17.306,149.34206083575992,192.71169865975997,0.22504932562797259
1776360814528,2026-04-16 17:33:34 UTC,trade_close,61,3.7955143200000006,153.13757515575992,192.71169865975997,0.20535402769641772
1776367454996,2026-04-16 19:24:14 UTC,trade_close,62,-12.393627455999999,140.74394769975993,192.71169865975997,0.269665782209471
1776367706558,2026-04-16 19:28:26 UTC,trade_close,63,4.396964968000001,145.14091266775992,192.71169865975997,0.24684949758025918
1776368579582,2026-04-16 19:42:59 UTC,trade_close,64,-5.402483208,139.7384294597599,192.71169865975997,0.27488351547108947
1776369593522,2026-04-16 19:59:53 UTC,trade_close,65,3.5975167920000004,143.3359462517599,192.71169865975997,0.256215646229007
1776419555898,2026-04-17 09:52:35 UTC,trade_close,66,9.670381224,153.00632747575992,192.71169865975997,0.20603508484506403
1776420048512,2026-04-17 10:00:48 UTC,trade_close,67,15.852588544000001,168.85891601975993,192.71169865975997,0.1237744402954647
1776420494805,2026-04-17 10:08:14 UTC,trade_close,68,12.5295882,181.38850421975994,192.71169865975997,0.05875717208010075
1776423149797,2026-04-17 10:52:29 UTC,trade_close,69,14.789791256,196.17829547575994,196.17829547575994,0.0
1776429542271,2026-04-17 12:39:02 UTC,trade_close,70,18.01368832,214.19198379575994,214.19198379575994,0.0
1776430827548,2026-04-17 13:00:27 UTC,trade_close,71,29.699405824000003,243.89138961975993,243.89138961975993,0.0
1776431439128,2026-04-17 13:10:39 UTC,trade_close,72,-26.9752828,216.91610681975993,243.89138961975993,0.11060367010928901
1776431873581,2026-04-17 13:17:53 UTC,trade_close,73,20.997054800000004,237.91316161975993,243.89138961975993,0.024511845249315226
1776432491559,2026-04-17 13:28:11 UTC,trade_close,74,10.792550376,248.70571199575994,248.70571199575994,0.0
1776432725551,2026-04-17 13:32:05 UTC,trade_close,75,6.1083539999999985,254.81406599575993,254.81406599575993,0.0
1776432729543,2026-04-17 13:32:09 UTC,trade_close,76,26.557069,281.3711349957599,281.3711349957599,0.0
1776433648891,2026-04-17 13:47:28 UTC,trade_close,77,-13.452041736,267.9190932597599,281.3711349957599,0.04780889033341223
1776434083227,2026-04-17 13:54:43 UTC,trade_close,78,21.17947392,289.0985671797599,289.0985671797599,0.0
1776434650587,2026-04-17 14:04:10 UTC,trade_close,79,34.358012159999994,323.4565793397599,323.4565793397599,0.0
1776434958820,2026-04-17 14:09:18 UTC,trade_close,80,-5.4933119999999995,317.9632673397599,323.4565793397599,0.01698315121990395
1776434958820,2026-04-17 14:09:18 UTC,trade_close,81,7.4657659999999995,325.4290333397599,325.4290333397599,0.0
1776435239574,2026-04-17 14:13:59 UTC,trade_close,82,9.593378112,335.02241145175987,335.02241145175987,0.0
1776435572547,2026-04-17 14:19:32 UTC,trade_close,83,18.702336000000003,353.72474745175987,353.72474745175987,0.0
1776436820850,2026-04-17 14:40:20 UTC,trade_close,84,29.179858424,382.90460587575984,382.90460587575984,0.0
1776438456971,2026-04-17 15:07:36 UTC,trade_close,85,37.181743104,420.08634897975986,420.08634897975986,0.0
1776443287534,2026-04-17 16:28:07 UTC,trade_close,86,8.19654528,428.28289425975987,428.28289425975987,0.0
1776444167542,2026-04-17 16:42:47 UTC,trade_close,87,38.275798527999996,466.55869278775987,466.55869278775987,0.0
1776445721621,2026-04-17 17:08:41 UTC,trade_close,88,37.794304000000004,504.3529967877599,504.3529967877599,0.0
1776447465380,2026-04-17 17:37:45 UTC,trade_close,89,59.05322892,563.4062257077599,563.4062257077599,0.0
1776454161572,2026-04-17 19:29:21 UTC,trade_close,90,15.023476224000001,578.4297019317598,578.4297019317598,0.0
1776456717124,2026-04-17 20:11:57 UTC,trade_close,91,46.75584,625.1855419317599,625.1855419317599,0.0
1776469428526,2026-04-17 23:43:48 UTC,trade_close,92,25.035381888,650.2209238197598,650.2209238197598,0.0
1776469981658,2026-04-17 23:53:01 UTC,trade_close,93,-64.91900095999999,585.3019228597599,650.2209238197598,0.09984145170018457
1776472995554,2026-04-18 00:43:15 UTC,trade_close,94,-45.880028496639994,539.4218943631199,650.2209238197598,0.17040212856538775
1776477583500,2026-04-18 01:59:43 UTC,trade_close,95,-24.197082176,515.2248121871199,650.2209238197598,0.2076157605627293
1776516003924,2026-04-18 12:40:03 UTC,trade_close,96,-5.323538984000001,509.90127320311996,650.2209238197598,0.21580303782339716
1776574051380,2026-04-19 04:47:31 UTC,trade_close,97,55.286468336,565.18774153912,650.2209238197598,0.13077583197585763
1776575319245,2026-04-19 05:08:39 UTC,trade_close,98,66.998123712,632.18586525112,650.2209238197598,0.02773681668484583
1776600690529,2026-04-19 12:11:30 UTC,trade_close,99,12.884631745119998,645.0704969962401,650.2209238197598,0.007921041348936106
1776618173662,2026-04-19 17:02:53 UTC,trade_close,100,58.986666,704.0571629962401,704.0571629962401,0.0
1776618549318,2026-04-19 17:09:09 UTC,trade_close,101,-59.409152000000006,644.6480109962401,704.0571629962401,0.08438114846694232
1776638444305,2026-04-19 22:40:44 UTC,trade_close,102,-79.083146624,565.5648643722402,704.0571629962401,0.19670604306420428
1776670748508,2026-04-20 07:39:08 UTC,trade_close,103,34.287616,599.8524803722402,704.0571629962401,0.14800599738313638
1776674512526,2026-04-20 08:41:52 UTC,trade_close,104,68.472061952,668.3245423242402,704.0571629962401,0.05075244248625131
1776677054687,2026-04-20 09:24:14 UTC,trade_close,105,69.664510392,737.9890527162402,737.9890527162402,0.0
1776691150528,2026-04-20 13:19:10 UTC,trade_close,106,-87.200031744,650.7890209722402,737.9890527162402,0.11815897732229466
1776695973084,2026-04-20 14:39:33 UTC,trade_close,107,-13.39439012856,637.3946308436803,737.9890527162402,0.13630882667203856
1776698674217,2026-04-20 15:24:34 UTC,trade_close,108,63.468724703999996,700.8633555476803,737.9890527162402,0.050306568955074835
1776698674219,2026-04-20 15:24:34 UTC,trade_close,109,23.560359927999997,724.4237154756803,737.9890527162402,0.018381488438929186
1776698675521,2026-04-20 15:24:35 UTC,trade_close,110,23.560359927999997,747.9840754036803,747.9840754036803,0.0
1776700161527,2026-04-20 15:49:21 UTC,trade_close,111,-29.593050696,718.3910247076803,747.9840754036803,0.039563744294995686
1776700469775,2026-04-20 15:54:29 UTC,trade_close,112,-80.47233084,637.9186938676803,747.9840754036803,0.14714936474629986
1776701072586,2026-04-20 16:04:32 UTC,trade_close,113,23.560359927999997,661.4790537956803,747.9840754036803,0.11565088676695959
1776712172047,2026-04-20 19:09:32 UTC,trade_close,114,64.47973171199999,725.9587855076803,747.9840754036803,0.029446201624163122
1776713077603,2026-04-20 19:24:37 UTC,trade_close,115,24.768821439999996,750.7276069476803,750.7276069476803,0.0
1776719378782,2026-04-20 21:09:38 UTC,trade_close,116,78.184630368,828.9122373156804,828.9122373156804,0.0
1776739179449,2026-04-21 02:39:39 UTC,trade_close,117,-40.356125207999995,788.5561121076804,828.9122373156804,0.04868564293210076
1776757190218,2026-04-21 07:39:50 UTC,trade_close,118,83.865307136,872.4214192436804,872.4214192436804,0.0
1776767281519,2026-04-21 10:28:01 UTC,trade_close,119,103.646670016,976.0680892596804,976.0680892596804,0.0
1776770724184,2026-04-21 11:25:24 UTC,trade_close,120,-74.15982929664,901.9082599630403,976.0680892596804,0.07597813114952683
1776773423505,2026-04-21 12:10:23 UTC,trade_close,121,-34.056540496,867.8517194670403,976.0680892596804,0.1108696933988684
1776782405896,2026-04-21 14:40:05 UTC,trade_close,122,-30.0137956,837.8379238670403,976.0680892596804,0.1416193879440149
1776784219694,2026-04-21 15:10:19 UTC,trade_close,123,48.0823672,885.9202910670404,976.0680892596804,0.09235810409601092
1776784219694,2026-04-21 15:10:19 UTC,trade_close,124,15.814769696,901.7350607630403,976.0680892596804,0.07615557696699164
1776786009132,2026-04-21 15:40:09 UTC,trade_close,125,84.213992896,985.9490536590404,985.9490536590404,0.0
1776789609046,2026-04-21 16:40:09 UTC,trade_close,126,21.3369180288,1007.2859716878404,1007.2859716878404,0.0
1776793216229,2026-04-21 17:40:16 UTC,trade_close,127,143.21218216799997,1150.4981538558404,1150.4981538558404,0.0
1776793216231,2026-04-21 17:40:16 UTC,trade_close,128,71.584735992,1222.0828898478405,1222.0828898478405,0.0
1776795932734,2026-04-21 18:25:32 UTC,trade_close,129,166.98810662696,1389.0709964748005,1389.0709964748005,0.0
1776797722865,2026-04-21 18:55:22 UTC,trade_close,130,15.148795456000002,1404.2197919308005,1404.2197919308005,0.0
1776799644852,2026-04-21 19:27:24 UTC,trade_close,131,-17.94715290176,1386.2726390290404,1404.2197919308005,0.01278087163056061
1776799972734,2026-04-21 19:32:52 UTC,trade_close,132,-108.8900504368,1277.3825885922404,1404.2197919308005,0.09032574819655485
1776799972734,2026-04-21 19:32:52 UTC,trade_close,133,-36.622291071999996,1240.7602975202403,1404.2197919308005,0.11640591832550913
1776803176588,2026-04-21 20:26:16 UTC,trade_close,134,-15.753178656000001,1225.0071188642403,1404.2197919308005,0.1276243748282048
1776815284632,2026-04-21 23:48:04 UTC,trade_close,135,80.85224857599998,1305.8593674402402,1404.2197919308005,0.07004631686277174
1776816625452,2026-04-22 00:10:25 UTC,trade_close,136,-44.263349000000005,1261.5960184402402,1404.2197919308005,0.10156798409346789
1776817522598,2026-04-22 00:25:22 UTC,trade_close,137,-14.683568999999999,1246.9124494402402,1404.2197919308005,0.11202472960038752
1776818415589,2026-04-22 00:40:15 UTC,trade_close,138,46.645,1293.5574494402401,1404.2197919308005,0.07880699526275711
1776819328932,2026-04-22 00:55:28 UTC,trade_close,139,25.854354432,1319.4118038722402,1404.2197919308005,0.06039509523074693
1776822918430,2026-04-22 01:55:18 UTC,trade_close,140,-46.387968,1273.0238358722402,1404.2197919308005,0.09342978699806392
1776825621240,2026-04-22 02:40:21 UTC,trade_close,141,32.576929320000005,1305.6007651922403,1404.2197919308005,0.07023047766828526
1776827420146,2026-04-22 03:10:20 UTC,trade_close,142,91.11069604800001,1396.7114612402402,1404.2197919308005,0.005346976829201643
1776833723637,2026-04-22 04:55:23 UTC,trade_close,143,-28.741814384640005,1367.9696468556,1404.2197919308005,0.025815150365710558
1776833723638,2026-04-22 04:55:23 UTC,trade_close,144,-17.285666816000003,1350.6839800396,1404.2197919308005,0.038124951805150624
1776834623693,2026-04-22 05:10:23 UTC,trade_close,145,-41.541935512,1309.1420445276,1404.2197919308005,0.06770859373265821
1776836491479,2026-04-22 05:41:31 UTC,trade_close,146,-151.869805736,1157.2722387916,1404.2197919308005,0.17586104010088607
1776837328261,2026-04-22 05:55:28 UTC,trade_close,147,-80.04938022399999,1077.2228585676,1404.2197919308005,0.23286734401712147
1776837328261,2026-04-22 05:55:28 UTC,trade_close,148,-26.856192000000004,1050.3666665676,1404.2197919308005,0.25199269188241025
1776839134207,2026-04-22 06:25:34 UTC,trade_close,149,17.985708999999996,1068.3523755676001,1404.2197919308005,0.23918436294177503
1776839649559,2026-04-22 06:34:09 UTC,trade_close,150,-36.616830631999996,1031.7355449356,1404.2197919308005,0.2652606444771976
1776842705777,2026-04-22 07:25:05 UTC,trade_close,151,26.570190271999998,1058.3057352076,1404.2197919308005,0.2463389696619851
1776843615905,2026-04-22 07:40:15 UTC,trade_close,152,-82.876180416,975.4295547916,1404.2197919308005,0.3053583488875445
1776843615908,2026-04-22 07:40:15 UTC,trade_close,153,-28.82580372,946.6037510716001,1404.2197919308005,0.3258863345245825
1776849902811,2026-04-22 09:25:02 UTC,trade_close,154,-30.229254000000005,916.3744970716001,1404.2197919308005,0.3474137721619873
1776860182539,2026-04-22 12:16:22 UTC,trade_close,155,-26.557773119999997,889.8167239516001,1404.2197919308005,0.36632660423614793
1776865280569,2026-04-22 13:41:20 UTC,trade_close,156,7.856,897.6727239516001,1404.2197919308005,0.3607320384529681
1776867002353,2026-04-22 14:10:02 UTC,trade_close,157,25.219163648,922.8918875996001,1404.2197919308005,0.34277248269615623
1776871508251,2026-04-22 15:25:08 UTC,trade_close,158,-28.055286272000004,894.8366013276001,1404.2197919308005,0.36275175263182924
1776872382735,2026-04-22 15:39:42 UTC,trade_close,159,21.416995896000003,916.2535972236001,1404.2197919308005,0.3474998696865307
1776872493549,2026-04-22 15:41:33 UTC,trade_close,160,-29.277757440000002,886.9758397836001,1404.2197919308005,0.36834970929728217
1776877417523,2026-04-22 17:03:37 UTC,trade_close,161,-33.01517516,853.9606646236001,1404.2197919308005,0.3918611106816795
1776879596575,2026-04-22 17:39:56 UTC,trade_close,162,-30.206546944000003,823.7541176796001,1404.2197919308005,0.4133723777337313
1776889497206,2026-04-22 20:24:57 UTC,trade_close,163,26.600093256,850.3542109356001,1404.2197919308005,0.3944294078305476
1776889497207,2026-04-22 20:24:57 UTC,trade_close,164,18.928556999999998,869.2827679356001,1404.2197919308005,0.38094963984210956
1776890083547,2026-04-22 20:34:43 UTC,trade_close,165,-19.3223008,849.9604671356001,1404.2197919308005,0.394709808236711
1776896383528,2026-04-22 22:19:43 UTC,trade_close,166,-23.443047655999997,826.5174194796001,1404.2197919308005,0.41140452212033013
1776901200602,2026-04-22 23:40:00 UTC,trade_close,167,-25.439640072,801.0777794076001,1404.2197919308005,0.42952108778774645
1776901200602,2026-04-22 23:40:00 UTC,trade_close,168,-9.046704128,792.0310752796001,1404.2197919308005,0.43596360069063095
1776902583516,2026-04-23 00:03:03 UTC,trade_close,169,26.056876607999996,818.0879518876002,1404.2197919308005,0.4174074766723447
1776902583516,2026-04-23 00:03:03 UTC,trade_close,170,15.72224256,833.8101944476002,1404.2197919308005,0.40621105097720334
1776903949257,2026-04-23 00:25:49 UTC,trade_close,171,-15.472899640000001,818.3372948076002,1404.2197919308005,0.4172299097975343
1776904812841,2026-04-23 00:40:12 UTC,trade_close,172,-21.274185288,797.0631095196002,1404.2197919308005,0.4323800917065559
1776904812841,2026-04-23 00:40:12 UTC,trade_close,173,-12.389281216,784.6738283036002,1404.2197919308005,0.44120298487982806
1776904859123,2026-04-23 00:40:59 UTC,trade_close,174,20.491363200000002,805.1651915036002,1404.2197919308005,0.42661028128901457
1776908415217,2026-04-23 01:40:15 UTC,trade_close,175,-20.3456,784.8195915036002,1404.2197919308005,0.44109918118696056
1776911115503,2026-04-23 02:25:15 UTC,trade_close,176,-25.439640072000003,759.3799514316003,1404.2197919308005,0.4592157468543769
1776911115503,2026-04-23 02:25:15 UTC,trade_close,177,-22.39204,736.9879114316003,1404.2197919308005,0.47516199695615824
1776912906200,2026-04-23 02:55:06 UTC,trade_close,178,16.364544000000002,753.3524554316003,1404.2197919308005,0.463508163208737
1776913814606,2026-04-23 03:10:14 UTC,trade_close,179,-23.444374184,729.9080812476003,1404.2197919308005,0.4802038217649834
1776913814606,2026-04-23 03:10:14 UTC,trade_close,180,-28.407821,701.5002602476003,1404.2197919308005,0.500434145510057
