trade_id,entry_ms,entry_utc,market_id,question,strategy,side,entry_price,size,status,fill_status,execution_fidelity,resolved_ms,resolved_utc,settlement_price,fee_amount,pnl_net
1,1776038239696,2026-04-12 23:57:19 UTC,1952174,"Bitcoin Up or Down - April 12, 7:55PM-8:00PM ET",latency-arb,DOWN,0.46,14.0,closed,filled,raw_event,1776038739114,2026-04-13 00:05:39 UTC,0.0,0.11517811200000001,-6.555178112
2,1776088237330,2026-04-13 13:50:37 UTC,1958564,"Bitcoin Up or Down - April 13, 9:50AM-9:55AM ET",latency-arb,DOWN,0.54,10.0,closed,filled,raw_event,1776088849538,2026-04-13 14:00:49 UTC,1.0,0.09657792,4.50342208
3,1776088894814,2026-04-13 14:01:34 UTC,1958674,"Bitcoin Up or Down - April 13, 10:00AM-10:05AM ET",latency-arb,DOWN,0.55,20.0,closed,filled,raw_event,1776089350543,2026-04-13 14:09:10 UTC,1.0,0.19601999999999997,8.80398
4,1776089158470,2026-04-13 14:05:58 UTC,1958790,"Bitcoin Up or Down - April 13, 10:05AM-10:10AM ET",latency-arb,DOWN,0.6,20.0,closed,filled,raw_event,1776089639595,2026-04-13 14:13:59 UTC,1.0,0.20735999999999996,7.7926400000000005
5,1776089845205,2026-04-13 14:17:25 UTC,1958857,"Bitcoin Up or Down - April 13, 10:15AM-10:20AM ET",latency-arb,DOWN,0.6,23.0,closed,filled,raw_event,1776090249566,2026-04-13 14:24:09 UTC,1.0,0.23846399999999995,8.961536
6,1776096097117,2026-04-13 16:01:37 UTC,1959906,"Bitcoin Up or Down - April 13, 12:00PM-12:05PM ET",latency-arb,DOWN,0.59,20.45,closed,partial,raw_event,1776096539615,2026-04-13 16:08:59 UTC,1.0,0.21014240039999996,8.1743575996
7,1776097241867,2026-04-13 16:20:41 UTC,1960057,"Bitcoin Up or Down - April 13, 12:20PM-12:25PM ET",latency-arb,DOWN,0.53,27.0,closed,filled,raw_event,1776097695553,2026-04-13 16:28:15 UTC,0.0,0.25665271199999995,-14.566652712
8,1776097419062,2026-04-13 16:23:39 UTC,1960057,"Bitcoin Up or Down - April 13, 12:20PM-12:25PM ET",calm-persistence,UP,0.6,10.0,closed,filled,raw_event,1776097695553,2026-04-13 16:28:15 UTC,1.0,0.10367999999999998,3.8963200000000002
9,1776097999067,2026-04-13 16:33:19 UTC,1960116,"Bitcoin Up or Down - April 13, 12:30PM-12:35PM ET",latency-arb,UP,0.33,25.0,closed,filled,raw_event,1776098317521,2026-04-13 16:38:37 UTC,0.0,0.1313334,-8.3813334
10,1776098474810,2026-04-13 16:41:14 UTC,1960159,"Bitcoin Up or Down - April 13, 12:40PM-12:45PM ET",latency-arb,DOWN,0.57,16.0,closed,filled,raw_event,1776098928512,2026-04-13 16:48:48 UTC,0.0,0.16094246399999998,-9.280942463999999
11,1776099037273,2026-04-13 16:50:37 UTC,1960202,"Bitcoin Up or Down - April 13, 12:50PM-12:55PM ET",latency-arb,UP,0.59,21.0,closed,filled,raw_event,1776099462505,2026-04-13 16:57:42 UTC,0.0,0.21579415199999996,-12.605794151999998
12,1776108963314,2026-04-13 19:36:03 UTC,1961849,"Bitcoin Up or Down - April 13, 3:35PM-3:40PM ET",latency-arb,UP,0.6,11.0,closed,filled,raw_event,1776109483532,2026-04-13 19:44:43 UTC,1.0,0.11404799999999998,4.285952
13,1776110522537,2026-04-13 20:02:02 UTC,1961993,"Bitcoin Up or Down - April 13, 4:00PM-4:05PM ET",latency-arb,DOWN,0.57,10.0,closed,partial,raw_event,1776110938497,2026-04-13 20:08:58 UTC,1.0,0.10058903999999999,4.199410960000001
14,1776120465928,2026-04-13 22:47:45 UTC,1963550,"Bitcoin Up or Down - April 13, 6:45PM-6:50PM ET",latency-arb,UP,0.58,20.0,closed,filled,raw_event,1776120960503,2026-04-13 22:56:00 UTC,1.0,0.20345472,8.19654528
15,1776121744860,2026-04-13 23:09:04 UTC,1963736,"Bitcoin Up or Down - April 13, 7:05PM-7:10PM ET",calm-persistence,UP,0.63,8.0,closed,filled,raw_event,1776121995560,2026-04-13 23:13:15 UTC,1.0,0.08458732799999999,2.875412672
16,1776121856338,2026-04-13 23:10:56 UTC,1963738,"Bitcoin Up or Down - April 13, 7:10PM-7:15PM ET",latency-arb,DOWN,0.37,15.19,closed,partial,raw_event,1776122510576,2026-04-13 23:21:50 UTC,1.0,0.09432661895999998,9.475373381039999
17,1776122932570,2026-04-13 23:28:52 UTC,1963867,"Bitcoin Up or Down - April 13, 7:25PM-7:30PM ET",calm-persistence,UP,0.65,9.0,closed,filled,raw_event,1776123388616,2026-04-13 23:36:28 UTC,1.0,0.09582299999999999,3.054177
18,1776123513394,2026-04-13 23:38:33 UTC,1963922,"Bitcoin Up or Down - April 13, 7:35PM-7:40PM ET",calm-persistence,DOWN,0.59,9.0,closed,filled,raw_event,1776123916548,2026-04-13 23:45:16 UTC,1.0,0.09248320799999998,3.5975167920000004
19,1776129822959,2026-04-14 01:23:42 UTC,1964515,"Bitcoin Up or Down - April 13, 9:20PM-9:25PM ET",calm-persistence,UP,0.57,9.0,closed,filled,raw_event,1776130161574,2026-04-14 01:29:21 UTC,0.0,0.090530136,-5.220530136
20,1776150155627,2026-04-14 07:02:35 UTC,1966933,"Bitcoin Up or Down - April 14, 3:00AM-3:05AM ET",latency-arb,UP,0.6,13.77,closed,partial,raw_event,1776150583521,2026-04-14 07:09:43 UTC,1.0,0.14276735999999995,5.36523264
21,1776154311296,2026-04-14 08:11:51 UTC,1967323,"Bitcoin Up or Down - April 14, 4:10AM-4:15AM ET",latency-arb,UP,0.53,11.73,closed,partial,raw_event,1776154835447,2026-04-14 08:20:35 UTC,0.0,0.11150134488,-6.3284013448800005
22,1776169803855,2026-04-14 12:30:03 UTC,1968702,"Bitcoin Up or Down - April 14, 8:30AM-8:35AM ET",latency-arb,UP,0.49,24.0,closed,filled,raw_event,1776170306974,2026-04-14 12:38:26 UTC,1.0,0.211595328,12.028404672
23,1776175611115,2026-04-14 14:06:51 UTC,1969598,"Bitcoin Up or Down - April 14, 10:05AM-10:10AM ET",latency-arb,UP,0.57,19.0,closed,filled,raw_event,1776176335736,2026-04-14 14:18:55 UTC,1.0,0.19111917599999995,7.978880824000002
24,1776175724510,2026-04-14 14:08:44 UTC,1969598,"Bitcoin Up or Down - April 14, 10:05AM-10:10AM ET",calm-persistence,DOWN,0.62,10.0,closed,filled,raw_event,1776176335736,2026-04-14 14:18:55 UTC,0.0,0.10517183999999999,-6.30517184
25,1776175802313,2026-04-14 14:10:02 UTC,1969637,"Bitcoin Up or Down - April 14, 10:10AM-10:15AM ET",latency-arb,UP,0.5,27.0,closed,filled,raw_event,1776176283724,2026-04-14 14:18:03 UTC,1.0,0.243,13.257
26,1776176272977,2026-04-14 14:17:52 UTC,1969685,"Bitcoin Up or Down - April 14, 10:15AM-10:20AM ET",latency-arb,DOWN,0.46,27.0,closed,filled,raw_event,1776176617554,2026-04-14 14:23:37 UTC,1.0,0.22212921600000002,14.357870784000001
27,1776177225558,2026-04-14 14:33:45 UTC,1969742,"Bitcoin Up or Down - April 14, 10:30AM-10:35AM ET",calm-persistence,DOWN,0.46,12.0,closed,filled,raw_event,1776177649971,2026-04-14 14:40:49 UTC,1.0,0.09872409600000003,6.381275904000001
28,1776177312465,2026-04-14 14:35:12 UTC,1969832,"Bitcoin Up or Down - April 14, 10:35AM-10:40AM ET",latency-arb,UP,0.59,33.0,closed,filled,raw_event,1776178003519,2026-04-14 14:46:43 UTC,0.0,0.33910509599999994,-19.809105096
29,1776177788951,2026-04-14 14:43:08 UTC,1969838,"Bitcoin Up or Down - April 14, 10:40AM-10:45AM ET",latency-arb,UP,0.52,34.0,closed,filled,raw_event,1776178029529,2026-04-14 14:47:09 UTC,0.0,0.31773081599999997,-17.997730816
30,1776177811239,2026-04-14 14:43:31 UTC,1969838,"Bitcoin Up or Down - April 14, 10:40AM-10:45AM ET",calm-persistence,UP,0.64,12.0,closed,filled,raw_event,1776178029529,2026-04-14 14:47:09 UTC,0.0,0.12740198399999997,-7.807401983999999
31,1776179446044,2026-04-14 15:10:46 UTC,1969960,"Bitcoin Up or Down - April 14, 11:10AM-11:15AM ET",latency-arb,UP,0.57,9.0,closed,filled,raw_event,1776180208882,2026-04-14 15:23:28 UTC,1.0,0.090530136,3.7794698640000006
32,1776180017161,2026-04-14 15:20:17 UTC,1970046,"Bitcoin Up or Down - April 14, 11:20AM-11:25AM ET",latency-arb,UP,0.59,22.0,closed,partial,raw_event,1776180748508,2026-04-14 15:32:28 UTC,1.0,0.22607006399999996,8.793929936000001
33,1776195468001,2026-04-14 19:37:48 UTC,1973440,"Bitcoin Up or Down - April 14, 3:35PM-3:40PM ET",latency-arb,DOWN,0.6,27.0,closed,filled,raw_event,1776195850549,2026-04-14 19:44:10 UTC,0.0,0.27993599999999996,-16.479936
34,1776205885069,2026-04-14 22:31:25 UTC,1974782,"Bitcoin Up or Down - April 14, 6:30PM-6:35PM ET",latency-arb,UP,0.5,24.0,closed,filled,raw_event,1776206407622,2026-04-14 22:40:07 UTC,1.0,0.21599999999999997,11.784
35,1776208208805,2026-04-14 23:10:08 UTC,1975530,"Bitcoin Up or Down - April 14, 7:10PM-7:15PM ET",latency-arb,DOWN,0.54,26.0,closed,filled,raw_event,1776208888111,2026-04-14 23:21:28 UTC,0.0,0.251102592,-14.291102592000001
36,1776260210377,2026-04-15 13:36:50 UTC,1980666,"Bitcoin Up or Down - April 15, 9:35AM-9:40AM ET",latency-arb,UP,0.5,10.0,closed,filled,raw_event,1776260749548,2026-04-15 13:45:49 UTC,0.0,0.09,-5.09
37,1776268886786,2026-04-15 16:01:26 UTC,1982174,"Bitcoin Up or Down - April 15, 12:00PM-12:05PM ET",latency-arb,UP,0.53,10.0,closed,filled,raw_event,1776269317126,2026-04-15 16:08:37 UTC,1.0,0.09505656,4.6049434399999996
38,1776276126741,2026-04-15 18:02:06 UTC,1984465,"Bitcoin Up or Down - April 15, 2:00PM-2:05PM ET",latency-arb,UP,0.45,12.0,closed,filled,raw_event,1776276542983,2026-04-15 18:09:02 UTC,1.0,0.09622800000000001,6.5037720000000006
39,1776290919084,2026-04-15 22:08:39 UTC,1986437,"Bitcoin Up or Down - April 15, 6:05PM-6:10PM ET",calm-persistence,DOWN,0.59,9.0,closed,filled,raw_event,1776291371547,2026-04-15 22:16:11 UTC,0.0,0.09248320799999998,-5.402483208
40,1776294926182,2026-04-15 23:15:26 UTC,1986775,"Bitcoin Up or Down - April 15, 7:15PM-7:20PM ET",latency-arb,DOWN,0.6,18.0,closed,filled,raw_event,1776295496248,2026-04-15 23:24:56 UTC,1.0,0.18662399999999996,7.013376
41,1776305067100,2026-04-16 02:04:27 UTC,1987897,"Bitcoin Up or Down - April 15, 10:00PM-10:05PM ET",calm-persistence,UP,0.62,9.0,closed,filled,raw_event,1776305334506,2026-04-16 02:08:54 UTC,1.0,0.09465465599999999,3.325345344
42,1776307562785,2026-04-16 02:46:02 UTC,1988046,"Bitcoin Up or Down - April 15, 10:45PM-10:50PM ET",latency-arb,DOWN,0.53,26.0,closed,filled,raw_event,1776308118876,2026-04-16 02:55:18 UTC,1.0,0.247147056,11.972852944
43,1776341414494,2026-04-16 12:10:14 UTC,1991285,"Bitcoin Up or Down - April 16, 8:10AM-8:15AM ET",latency-arb,UP,0.6,28.0,closed,filled,raw_event,1776341917510,2026-04-16 12:18:37 UTC,1.0,0.290304,10.909696
44,1776348954950,2026-04-16 14:15:54 UTC,1991931,"Bitcoin Up or Down - April 16, 10:15AM-10:20AM ET",latency-arb,DOWN,0.53,17.0,closed,filled,raw_event,1776349458704,2026-04-16 14:24:18 UTC,1.0,0.161596152,7.828403847999999
45,1776351674289,2026-04-16 15:01:14 UTC,1992211,"Bitcoin Up or Down - April 16, 11:00AM-11:05AM ET",latency-arb,DOWN,0.53,32.0,closed,filled,raw_event,1776352365515,2026-04-16 15:12:45 UTC,0.0,0.304180992,-17.264180992
46,1776353311261,2026-04-16 15:28:31 UTC,1992332,"Bitcoin Up or Down - April 16, 11:25AM-11:30AM ET",calm-persistence,DOWN,0.63,10.0,closed,filled,raw_event,1776353814803,2026-04-16 15:36:54 UTC,1.0,0.10573416,3.5942658400000003
47,1776353561068,2026-04-16 15:32:41 UTC,1992346,"Bitcoin Up or Down - April 16, 11:30AM-11:35AM ET",latency-arb,UP,0.48,29.0,closed,filled,raw_event,1776353904116,2026-04-16 15:38:24 UTC,1.0,0.250159104,14.829840896
48,1776353878619,2026-04-16 15:37:58 UTC,1992375,"Bitcoin Up or Down - April 16, 11:35AM-11:40AM ET",latency-arb,UP,0.57,29.0,closed,filled,raw_event,1776354326563,2026-04-16 15:45:26 UTC,1.0,0.2917082159999999,12.178291784
49,1776353910549,2026-04-16 15:38:30 UTC,1992375,"Bitcoin Up or Down - April 16, 11:35AM-11:40AM ET",calm-persistence,UP,0.57,12.0,closed,filled,raw_event,1776354326563,2026-04-16 15:45:26 UTC,1.0,0.120706848,5.039293152
50,1776354162670,2026-04-16 15:42:42 UTC,1992383,"Bitcoin Up or Down - April 16, 11:40AM-11:45AM ET",latency-arb,DOWN,0.59,32.0,closed,filled,raw_event,1776354759424,2026-04-16 15:52:39 UTC,1.0,0.328829184,12.791170816000001
51,1776354210364,2026-04-16 15:43:30 UTC,1992383,"Bitcoin Up or Down - April 16, 11:40AM-11:45AM ET",calm-persistence,DOWN,0.59,12.0,closed,filled,raw_event,1776354759424,2026-04-16 15:52:39 UTC,1.0,0.123310944,4.796689056
52,1776354334388,2026-04-16 15:45:34 UTC,1992391,"Bitcoin Up or Down - April 16, 11:45AM-11:50AM ET",latency-arb,UP,0.51,36.0,closed,filled,raw_event,1776354860502,2026-04-16 15:54:20 UTC,0.0,0.33034780799999997,-18.690347808
53,1776354516508,2026-04-16 15:48:36 UTC,1992391,"Bitcoin Up or Down - April 16, 11:45AM-11:50AM ET",calm-persistence,UP,0.51,13.0,closed,filled,raw_event,1776354860502,2026-04-16 15:54:20 UTC,0.0,0.119292264,-6.749292264
54,1776354827993,2026-04-16 15:53:47 UTC,1992404,"Bitcoin Up or Down - April 16, 11:50AM-11:55AM ET",calm-persistence,UP,0.54,14.0,closed,filled,raw_event,1776355249575,2026-04-16 16:00:49 UTC,1.0,0.135209088,6.304790912
55,1776355114678,2026-04-16 15:58:34 UTC,1992610,"Bitcoin Up or Down - April 16, 11:55AM-12:00PM ET",calm-persistence,UP,0.61,12.0,closed,filled,raw_event,1776355625791,2026-04-16 16:07:05 UTC,1.0,0.12538281599999998,4.554617184
56,1776355412197,2026-04-16 16:03:32 UTC,1992647,"Bitcoin Up or Down - April 16, 12:00PM-12:05PM ET",calm-persistence,UP,0.59,13.0,closed,filled,raw_event,1776355826062,2026-04-16 16:10:26 UTC,1.0,0.133586856,5.196413144
57,1776355708441,2026-04-16 16:08:28 UTC,1992684,"Bitcoin Up or Down - April 16, 12:05PM-12:10PM ET",latency-arb,UP,0.46,37.0,closed,filled,raw_event,1776356161513,2026-04-16 16:16:01 UTC,0.0,0.304399296,-17.324399296
58,1776355711765,2026-04-16 16:08:31 UTC,1992684,"Bitcoin Up or Down - April 16, 12:05PM-12:10PM ET",calm-persistence,UP,0.46,13.0,closed,filled,raw_event,1776356161513,2026-04-16 16:16:01 UTC,0.0,0.10695110400000002,-6.086951104000001
59,1776356040399,2026-04-16 16:14:00 UTC,1992688,"Bitcoin Up or Down - April 16, 12:10PM-12:15PM ET",calm-persistence,DOWN,0.51,14.0,closed,filled,raw_event,1776356525276,2026-04-16 16:22:05 UTC,1.0,0.128468592,6.7315314079999995
60,1776359702102,2026-04-16 17:15:02 UTC,1993044,"Bitcoin Up or Down - April 16, 1:15PM-1:20PM ET",latency-arb,DOWN,0.5,34.0,closed,filled,raw_event,1776360435513,2026-04-16 17:27:15 UTC,0.0,0.306,-17.306
61,1776360235084,2026-04-16 17:23:55 UTC,1993057,"Bitcoin Up or Down - April 16, 1:20PM-1:25PM ET",calm-persistence,UP,0.61,10.0,closed,filled,raw_event,1776360814528,2026-04-16 17:33:34 UTC,1.0,0.10448567999999998,3.7955143200000006
62,1776366966521,2026-04-16 19:16:06 UTC,1993743,"Bitcoin Up or Down - April 16, 3:15PM-3:20PM ET",latency-arb,DOWN,0.58,21.0,closed,filled,raw_event,1776367454996,2026-04-16 19:24:14 UTC,0.0,0.213627456,-12.393627455999999
63,1776367447815,2026-04-16 19:24:07 UTC,1993757,"Bitcoin Up or Down - April 16, 3:20PM-3:25PM ET",calm-persistence,UP,0.59,11.0,closed,filled,raw_event,1776367706558,2026-04-16 19:28:26 UTC,1.0,0.11303503199999998,4.396964968000001
64,1776367907828,2026-04-16 19:31:47 UTC,1993777,"Bitcoin Up or Down - April 16, 3:30PM-3:35PM ET",latency-arb,UP,0.59,9.0,closed,filled,raw_event,1776368579582,2026-04-16 19:42:59 UTC,0.0,0.09248320799999998,-5.402483208
65,1776369197442,2026-04-16 19:53:17 UTC,1993873,"Bitcoin Up or Down - April 16, 3:50PM-3:55PM ET",latency-arb,UP,0.59,9.0,closed,filled,raw_event,1776369593522,2026-04-16 19:59:53 UTC,1.0,0.09248320799999998,3.5975167920000004
66,1776418816865,2026-04-17 09:40:16 UTC,1998183,"Bitcoin Up or Down - April 17, 5:40AM-5:45AM ET",latency-arb,UP,0.53,21.0,closed,filled,raw_event,1776419555898,2026-04-17 09:52:35 UTC,1.0,0.19961877599999997,9.670381224
67,1776419558776,2026-04-17 09:52:38 UTC,1998209,"Bitcoin Up or Down - April 17, 5:50AM-5:55AM ET",latency-arb,UP,0.48,31.0,closed,filled,raw_event,1776420048512,2026-04-17 10:00:48 UTC,1.0,0.26741145599999994,15.852588544000001
68,1776420090104,2026-04-17 10:01:30 UTC,1998241,"Bitcoin Up or Down - April 17, 6:00AM-6:05AM ET",latency-arb,UP,0.49,25.0,closed,filled,raw_event,1776420494805,2026-04-17 10:08:14 UTC,1.0,0.2204118,12.5295882
69,1776422583204,2026-04-17 10:43:03 UTC,1998350,"Bitcoin Up or Down - April 17, 6:40AM-6:45AM ET",latency-arb,DOWN,0.59,37.0,closed,filled,raw_event,1776423149776,2026-04-17 10:52:29 UTC,1.0,0.380208744,14.789791256
70,1776428776894,2026-04-17 12:26:16 UTC,1998799,"Bitcoin Up or Down - April 17, 8:25AM-8:30AM ET",latency-arb,DOWN,0.54,40.0,closed,filled,raw_event,1776429542271,2026-04-17 12:39:02 UTC,1.0,0.38631168,18.01368832
71,1776430353827,2026-04-17 12:52:33 UTC,1998924,"Bitcoin Up or Down - April 17, 8:50AM-8:55AM ET",latency-arb,UP,0.32,44.0,closed,filled,raw_event,1776430827548,2026-04-17 13:00:27 UTC,1.0,0.22059417599999998,29.699405824
72,1776430933216,2026-04-17 13:02:13 UTC,1998992,"Bitcoin Up or Down - April 17, 9:00AM-9:05AM ET",latency-arb,UP,0.53,50.0,closed,filled,raw_event,1776431439127,2026-04-17 13:10:39 UTC,0.0,0.47528279999999995,-26.9752828
73,1776431437211,2026-04-17 13:10:37 UTC,1999040,"Bitcoin Up or Down - April 17, 9:10AM-9:15AM ET",latency-arb,UP,0.57,50.0,closed,filled,raw_event,1776431873581,2026-04-17 13:17:53 UTC,1.0,0.5029452,20.997054800000004
74,1776431742700,2026-04-17 13:15:42 UTC,1999048,"Bitcoin Up or Down - April 17, 9:15AM-9:20AM ET",latency-arb,DOWN,0.59,27.0,closed,filled,raw_event,1776432491559,2026-04-17 13:28:11 UTC,1.0,0.277449624,10.792550376
75,1776432220703,2026-04-17 13:23:40 UTC,1999063,"Bitcoin Up or Down - April 17, 9:20AM-9:25AM ET",calm-persistence,UP,0.65,18.0,closed,filled,raw_event,1776432725551,2026-04-17 13:32:05 UTC,1.0,0.19164599999999998,6.108354
76,1776432407365,2026-04-17 13:26:47 UTC,1999069,"Bitcoin Up or Down - April 17, 9:25AM-9:30AM ET",latency-arb,DOWN,0.45,49.0,closed,filled,raw_event,1776432729543,2026-04-17 13:32:09 UTC,1.0,0.39293100000000003,26.557069000000002
77,1776433114440,2026-04-17 13:38:34 UTC,1999126,"Bitcoin Up or Down - April 17, 9:35AM-9:40AM ET",calm-persistence,DOWN,0.63,21.0,closed,filled,raw_event,1776433648891,2026-04-17 13:47:28 UTC,0.0,0.222041736,-13.452041736
78,1776433573388,2026-04-17 13:46:13 UTC,1999238,"Bitcoin Up or Down - April 17, 9:45AM-9:50AM ET",latency-arb,UP,0.52,45.0,closed,filled,raw_event,1776434083227,2026-04-17 13:54:43 UTC,1.0,0.42052608,21.17947392
79,1776434207632,2026-04-17 13:56:47 UTC,1999269,"Bitcoin Up or Down - April 17, 9:55AM-10:00AM ET",latency-arb,UP,0.42,60.0,closed,filled,raw_event,1776434650587,2026-04-17 14:04:10 UTC,1.0,0.44198783999999997,34.35801216
80,1776434407854,2026-04-17 14:00:07 UTC,1999273,"Bitcoin Up or Down - April 17, 10:00AM-10:05AM ET",latency-arb,UP,0.6,9.0,closed,filled,raw_event,1776434958820,2026-04-17 14:09:18 UTC,0.0,0.09331199999999998,-5.4933119999999995
81,1776434618417,2026-04-17 14:03:38 UTC,1999273,"Bitcoin Up or Down - April 17, 10:00AM-10:05AM ET",calm-persistence,DOWN,0.65,22.0,closed,filled,raw_event,1776434958820,2026-04-17 14:09:18 UTC,1.0,0.234234,7.4657659999999995
82,1776434954414,2026-04-17 14:09:14 UTC,1999395,"Bitcoin Up or Down - April 17, 10:05AM-10:10AM ET",calm-persistence,DOWN,0.59,24.0,closed,filled,raw_event,1776435239574,2026-04-17 14:13:59 UTC,1.0,0.246621888,9.593378112
83,1776435008059,2026-04-17 14:10:08 UTC,1999403,"Bitcoin Up or Down - April 17, 10:10AM-10:15AM ET",latency-arb,DOWN,0.6,48.0,closed,filled,raw_event,1776435572547,2026-04-17 14:19:32 UTC,1.0,0.49766399999999983,18.702336000000003
84,1776436220442,2026-04-17 14:30:20 UTC,1999467,"Bitcoin Up or Down - April 17, 10:30AM-10:35AM ET",latency-arb,UP,0.59,73.0,closed,filled,raw_event,1776436820850,2026-04-17 14:40:20 UTC,1.0,0.750141576,29.179858424000003
85,1776437784863,2026-04-17 14:56:24 UTC,1999652,"Bitcoin Up or Down - April 17, 10:55AM-11:00AM ET",latency-arb,UP,0.52,79.0,closed,filled,raw_event,1776438456971,2026-04-17 15:07:36 UTC,1.0,0.7382568959999999,37.181743104
86,1776442721316,2026-04-17 16:18:41 UTC,2000366,"Bitcoin Up or Down - April 17, 12:15PM-12:20PM ET",calm-persistence,UP,0.58,20.0,closed,partial,raw_event,1776443287534,2026-04-17 16:28:07 UTC,1.0,0.20345472,8.19654528
87,1776443572423,2026-04-17 16:32:52 UTC,2000427,"Bitcoin Up or Down - April 17, 12:30PM-12:35PM ET",latency-arb,DOWN,0.56,89.0,closed,filled,raw_event,1776444167541,2026-04-17 16:42:47 UTC,1.0,0.884201472,38.275798527999996
88,1776445381930,2026-04-17 17:03:01 UTC,2000639,"Bitcoin Up or Down - April 17, 1:00PM-1:05PM ET",latency-arb,UP,0.6,97.0,closed,filled,raw_event,1776445721620,2026-04-17 17:08:41 UTC,1.0,1.005696,37.794304000000004
89,1776446872695,2026-04-17 17:27:52 UTC,2000698,"Bitcoin Up or Down - April 17, 1:25PM-1:30PM ET",latency-arb,UP,0.43,105.0,closed,filled,raw_event,1776447465380,2026-04-17 17:37:45 UTC,1.0,0.79677108,59.05322892000001
90,1776453822939,2026-04-17 19:23:42 UTC,2001638,"Bitcoin Up or Down - April 17, 3:20PM-3:25PM ET",calm-persistence,UP,0.64,43.0,closed,filled,raw_event,1776454161571,2026-04-17 19:29:21 UTC,1.0,0.45652377599999994,15.023476224
91,1776456063159,2026-04-17 20:01:03 UTC,2001830,"Bitcoin Up or Down - April 17, 4:00PM-4:05PM ET",latency-arb,UP,0.6,120.0,closed,filled,raw_event,1776456717124,2026-04-17 20:11:57 UTC,1.0,1.2441599999999997,46.75584
92,1776469153026,2026-04-17 23:39:13 UTC,2002582,"Bitcoin Up or Down - April 17, 7:35PM-7:40PM ET",calm-persistence,DOWN,0.47,48.0,closed,filled,raw_event,1776469428526,2026-04-17 23:43:48 UTC,1.0,0.4046181119999999,25.035381888
93,1776469386805,2026-04-17 23:43:06 UTC,2002613,"Bitcoin Up or Down - April 17, 7:40PM-7:45PM ET",latency-arb,DOWN,0.58,110.0,closed,partial,raw_event,1776469981658,2026-04-17 23:53:01 UTC,0.0,1.11900096,-64.91900095999999
94,1776472699416,2026-04-18 00:38:19 UTC,2002768,"Bitcoin Up or Down - April 17, 8:35PM-8:40PM ET",latency-arb,UP,0.58,77.74,closed,partial,raw_event,1776472995554,2026-04-18 00:43:15 UTC,0.0,0.7908284966399999,-45.880028496639994
95,1776477244269,2026-04-18 01:54:04 UTC,2002951,"Bitcoin Up or Down - April 17, 9:50PM-9:55PM ET",calm-persistence,DOWN,0.58,41.0,closed,filled,raw_event,1776477583500,2026-04-18 01:59:43 UTC,0.0,0.4170821759999999,-24.197082176
96,1776515614668,2026-04-18 12:33:34 UTC,2006012,"Bitcoin Up or Down - April 18, 8:30AM-8:35AM ET",spread-capture,DOWN,0.17,31.0,closed,filled,raw_event,1776516003924,2026-04-18 12:40:03 UTC,0.0,0.053538984,-5.323538984000001
97,1776573610650,2026-04-19 04:40:10 UTC,2011709,"Bitcoin Up or Down - April 19, 12:40AM-12:45AM ET",latency-arb,DOWN,0.47,106.0,closed,filled,raw_event,1776574051380,2026-04-19 04:47:31 UTC,1.0,0.8935316639999998,55.286468336
98,1776574946651,2026-04-19 05:02:26 UTC,2011824,"Bitcoin Up or Down - April 19, 1:00AM-1:05AM ET",latency-arb,DOWN,0.42,117.0,closed,filled,raw_event,1776575319245,2026-04-19 05:08:39 UTC,1.0,0.861876288,66.99812371200001
99,1776600162785,2026-04-19 12:02:42 UTC,2013877,"Bitcoin Up or Down - April 19, 8:00AM-8:05AM ET",latency-arb,UP,0.53,27.98,closed,partial,raw_event,1776600690529,2026-04-19 12:11:30 UTC,1.0,0.26596825488000003,12.884631745119998
100,1776617710739,2026-04-19 16:55:10 UTC,2015584,"Bitcoin Up or Down - April 19, 12:55PM-1:00PM ET",latency-arb,DOWN,0.55,134.0,closed,filled,raw_event,1776618173662,2026-04-19 17:02:53 UTC,1.0,1.313334,58.986666
101,1776618205872,2026-04-19 17:03:25 UTC,2015594,"Bitcoin Up or Down - April 19, 1:00PM-1:05PM ET",latency-arb,UP,0.4,146.0,closed,filled,raw_event,1776618549318,2026-04-19 17:09:09 UTC,0.0,1.0091519999999998,-59.409152000000006
102,1776637805370,2026-04-19 22:30:05 UTC,2017579,"Bitcoin Up or Down - April 19, 6:30PM-6:35PM ET",latency-arb,DOWN,0.58,134.0,closed,filled,raw_event,1776638444304,2026-04-19 22:40:44 UTC,0.0,1.363146624,-79.083146624
103,1776669906792,2026-04-20 07:25:06 UTC,2021100,"Bitcoin Up or Down - April 20, 3:25AM-3:30AM ET",latency-arb,DOWN,0.6,88.0,closed,filled,raw_event,1776670748505,2026-04-20 07:39:08 UTC,1.0,0.9123839999999999,34.287616
104,1776673946502,2026-04-20 08:32:26 UTC,2021321,"Bitcoin Up or Down - April 20, 4:30AM-4:35AM ET",latency-arb,UP,0.44,124.0,closed,filled,raw_event,1776674512523,2026-04-20 08:41:52 UTC,1.0,0.967938048,68.47206195200002
105,1776676334261,2026-04-20 09:12:14 UTC,2021625,"Bitcoin Up or Down - April 20, 5:10AM-5:15AM ET",latency-arb,UP,0.49,139.0,closed,filled,raw_event,1776677054684,2026-04-20 09:24:14 UTC,1.0,1.225489608,69.664510392
106,1776690710189,2026-04-20 13:11:50 UTC,2022842,"Bitcoin Up or Down - April 20, 9:10AM-9:15AM ET",latency-arb,UP,0.56,153.0,closed,filled,raw_event,1776691150527,2026-04-20 13:19:10 UTC,0.0,1.520031744,-87.200031744
107,1776695331571,2026-04-20 14:28:51 UTC,2023219,"Bitcoin Up or Down - April 20, 10:25AM-10:30AM ET",calm-persistence,DOWN,0.63,20.91,closed,partial,raw_event,1776695973084,2026-04-20 14:39:33 UTC,0.0,0.22109012856,-13.39439012856
108,1776697882824,2026-04-20 15:11:22 UTC,2023579,"Bitcoin Up or Down - April 20, 11:10AM-11:15AM ET",latency-arb,UP,0.51,132.0,closed,filled,raw_event,1776698674202,2026-04-20 15:24:34 UTC,1.0,1.211275296,63.468724703999996
109,1776698062612,2026-04-20 15:14:22 UTC,2023579,"Bitcoin Up or Down - April 20, 11:10AM-11:15AM ET",calm-persistence,UP,0.51,49.0,closed,filled,raw_event,1776698674219,2026-04-20 15:24:34 UTC,1.0,0.449640072,23.560359927999997
110,1776698324213,2026-04-20 15:18:44 UTC,2023596,"Bitcoin Up or Down - April 20, 11:15AM-11:20AM ET",calm-persistence,UP,0.51,49.0,closed,filled,raw_event,1776698675521,2026-04-20 15:24:35 UTC,1.0,0.449640072,23.560359927999997
111,1776699840408,2026-04-20 15:44:00 UTC,2023701,"Bitcoin Up or Down - April 20, 11:40AM-11:45AM ET",calm-persistence,UP,0.51,57.0,closed,filled,raw_event,1776700161527,2026-04-20 15:49:21 UTC,0.0,0.523050696,-29.593050696
112,1776700046513,2026-04-20 15:47:26 UTC,2023719,"Bitcoin Up or Down - April 20, 11:45AM-11:50AM ET",latency-arb,UP,0.51,155.0,closed,filled,raw_event,1776700469775,2026-04-20 15:54:29 UTC,0.0,1.4223308399999999,-80.47233084
113,1776700732620,2026-04-20 15:58:52 UTC,2024011,"Bitcoin Up or Down - April 20, 11:55AM-12:00PM ET",calm-persistence,UP,0.51,49.0,closed,filled,raw_event,1776701072586,2026-04-20 16:04:32 UTC,1.0,0.449640072,23.560359927999997
114,1776711377238,2026-04-20 18:56:17 UTC,2025169,"Bitcoin Up or Down - April 20, 2:55PM-3:00PM ET",latency-arb,UP,0.52,137.0,closed,filled,raw_event,1776712172029,2026-04-20 19:09:32 UTC,1.0,1.280268288,64.47973171199999
115,1776712422565,2026-04-20 19:13:42 UTC,2025211,"Bitcoin Up or Down - April 20, 3:10PM-3:15PM ET",calm-persistence,DOWN,0.54,55.0,closed,filled,raw_event,1776713077603,2026-04-20 19:24:37 UTC,1.0,0.53117856,24.768821439999996
116,1776719010151,2026-04-20 21:03:30 UTC,2025906,"Bitcoin Up or Down - April 20, 5:00PM-5:05PM ET",latency-arb,DOWN,0.49,156.0,closed,filled,raw_event,1776719378782,2026-04-20 21:09:38 UTC,1.0,1.375369632,78.184630368
117,1776738555963,2026-04-21 02:29:15 UTC,2028929,"Bitcoin Up or Down - April 20, 10:25PM-10:30PM ET",calm-persistence,UP,0.63,63.0,closed,filled,raw_event,1776739179448,2026-04-21 02:39:39 UTC,0.0,0.666125208,-40.356125207999995
118,1776756305083,2026-04-21 07:25:05 UTC,2031345,"Bitcoin Up or Down - April 21, 3:25AM-3:30AM ET",latency-arb,UP,0.48,164.0,closed,filled,raw_event,1776757190217,2026-04-21 07:39:50 UTC,1.0,1.4146928639999996,83.865307136
119,1776766645436,2026-04-21 10:17:25 UTC,2031981,"Bitcoin Up or Down - April 21, 6:15AM-6:20AM ET",latency-arb,UP,0.42,181.0,closed,filled,raw_event,1776767281518,2026-04-21 10:28:01 UTC,1.0,1.333329984,103.64667001600002
120,1776770122024,2026-04-21 11:15:22 UTC,2032273,"Bitcoin Up or Down - April 21, 7:15AM-7:20AM ET",latency-arb,DOWN,0.54,134.92,closed,partial,raw_event,1776770724184,2026-04-21 11:25:24 UTC,0.0,1.30302929664,-74.15982929664
121,1776772961457,2026-04-21 12:02:41 UTC,2032780,"Bitcoin Up or Down - April 21, 8:00AM-8:05AM ET",spread-capture,UP,0.73,46.0,closed,filled,raw_event,1776773423505,2026-04-21 12:10:23 UTC,0.0,0.476540496,-34.056540496
122,1776781712790,2026-04-21 14:28:32 UTC,2033919,"Bitcoin Up or Down - April 21, 10:25AM-10:30AM ET",calm-persistence,DOWN,0.59,50.0,closed,filled,raw_event,1776782405878,2026-04-21 14:40:05 UTC,0.0,0.5137955999999999,-30.0137956
123,1776783707084,2026-04-21 15:01:47 UTC,2034132,"Bitcoin Up or Down - April 21, 11:00AM-11:05AM ET",latency-arb,DOWN,0.51,100.0,closed,filled,raw_event,1776784219694,2026-04-21 15:10:19 UTC,1.0,0.9176327999999999,48.0823672
124,1776783824706,2026-04-21 15:03:44 UTC,2034132,"Bitcoin Up or Down - April 21, 11:00AM-11:05AM ET",calm-persistence,DOWN,0.63,44.0,closed,filled,raw_event,1776784219694,2026-04-21 15:10:19 UTC,1.0,0.465230304,15.814769696
125,1776785117069,2026-04-21 15:25:17 UTC,2034299,"Bitcoin Up or Down - April 21, 11:25AM-11:30AM ET",latency-arb,DOWN,0.54,187.0,closed,filled,raw_event,1776786009131,2026-04-21 15:40:09 UTC,1.0,1.806007104,84.213992896
126,1776788910514,2026-04-21 16:28:30 UTC,2034917,"Bitcoin Up or Down - April 21, 12:25PM-12:30PM ET",calm-persistence,DOWN,0.34,32.6,closed,partial,raw_event,1776789609046,2026-04-21 16:40:09 UTC,1.0,0.17908197120000002,21.3369180288
127,1776792474469,2026-04-21 17:27:54 UTC,2035746,"Bitcoin Up or Down - April 21, 1:25PM-1:30PM ET",latency-arb,UP,0.31,209.0,closed,filled,raw_event,1776793216212,2026-04-21 17:40:16 UTC,1.0,0.997817832,143.21218216799997
128,1776792513514,2026-04-21 17:28:33 UTC,2035746,"Bitcoin Up or Down - April 21, 1:25PM-1:30PM ET",calm-persistence,UP,0.07,77.0,closed,filled,raw_event,1776793216231,2026-04-21 17:40:16 UTC,1.0,0.025264008000000004,71.584735992
129,1776795395828,2026-04-21 18:16:35 UTC,2035968,"Bitcoin Up or Down - April 21, 2:15PM-2:20PM ET",latency-arb,DOWN,0.17,201.61,closed,partial,raw_event,1776795932733,2026-04-21 18:25:32 UTC,1.0,0.34819337304,166.98810662696
130,1776797022109,2026-04-21 18:43:42 UTC,2036142,"Bitcoin Up or Down - April 21, 2:40PM-2:45PM ET",calm-persistence,DOWN,0.62,41.0,closed,filled,raw_event,1776797722865,2026-04-21 18:55:22 UTC,1.0,0.4312045439999999,15.148795456
131,1776798932781,2026-04-21 19:15:32 UTC,2036383,"Bitcoin Up or Down - April 21, 3:15PM-3:20PM ET",latency-arb,DOWN,0.58,30.41,closed,partial,raw_event,1776799644852,2026-04-21 19:27:24 UTC,0.0,0.30935290175999997,-17.94715290176
132,1776799526114,2026-04-21 19:25:26 UTC,2036509,"Bitcoin Up or Down - April 21, 3:25PM-3:30PM ET",latency-arb,UP,0.59,181.4,closed,partial,raw_event,1776799972734,2026-04-21 19:32:52 UTC,0.0,1.8640504368,-108.8900504368
133,1776799710517,2026-04-21 19:28:30 UTC,2036509,"Bitcoin Up or Down - April 21, 3:25PM-3:30PM ET",calm-persistence,UP,0.34,106.0,closed,filled,raw_event,1776799972734,2026-04-21 19:32:52 UTC,0.0,0.582291072,-36.622291071999996
134,1776802624901,2026-04-21 20:17:04 UTC,2036759,"Bitcoin Up or Down - April 21, 4:15PM-4:20PM ET",latency-arb,UP,0.43,36.0,closed,partial,raw_event,1776803176588,2026-04-21 20:26:16 UTC,0.0,0.273178656,-15.753178656000001
135,1776814820901,2026-04-21 23:40:20 UTC,2039017,"Bitcoin Up or Down - April 21, 7:40PM-7:45PM ET",latency-arb,UP,0.56,188.0,closed,filled,raw_event,1776815284632,2026-04-21 23:48:04 UTC,1.0,1.867751424,80.85224857599998
136,1776816222422,2026-04-22 00:03:42 UTC,2039137,"Bitcoin Up or Down - April 21, 8:00PM-8:05PM ET",calm-persistence,UP,0.65,67.0,closed,filled,raw_event,1776816625452,2026-04-22 00:10:25 UTC,0.0,0.713349,-44.263349000000005
137,1776816810274,2026-04-22 00:13:30 UTC,2039207,"Bitcoin Up or Down - April 21, 8:10PM-8:15PM ET",calm-persistence,UP,0.15,97.0,closed,filled,raw_event,1776817522598,2026-04-22 00:25:22 UTC,0.0,0.133569,-14.683568999999999
138,1776817710338,2026-04-22 00:28:30 UTC,2039266,"Bitcoin Up or Down - April 21, 8:25PM-8:30PM ET",calm-persistence,DOWN,0.5,95.0,closed,filled,raw_event,1776818415566,2026-04-22 00:40:15 UTC,1.0,0.855,46.645
139,1776818610376,2026-04-22 00:43:30 UTC,2039324,"Bitcoin Up or Down - April 21, 8:40PM-8:45PM ET",calm-persistence,UP,0.64,74.0,closed,filled,raw_event,1776819328931,2026-04-22 00:55:28 UTC,1.0,0.7856455679999998,25.854354432
140,1776822210512,2026-04-22 01:43:30 UTC,2039509,"Bitcoin Up or Down - April 21, 9:40PM-9:45PM ET",calm-persistence,UP,0.6,76.0,closed,filled,raw_event,1776822918430,2026-04-22 01:55:18 UTC,0.0,0.7879679999999999,-46.387968
141,1776825057857,2026-04-22 02:30:57 UTC,2039663,"Bitcoin Up or Down - April 21, 10:30PM-10:35PM ET",latency-arb,DOWN,0.49,65.0,closed,filled,raw_event,1776825621240,2026-04-22 02:40:21 UTC,1.0,0.5730706799999999,32.57692932
142,1776826525826,2026-04-22 02:55:25 UTC,2039737,"Bitcoin Up or Down - April 21, 10:55PM-11:00PM ET",latency-arb,UP,0.43,162.0,closed,partial,raw_event,1776827420145,2026-04-22 03:10:20 UTC,1.0,1.229303952,91.11069604800001
143,1776832832116,2026-04-22 04:40:32 UTC,2040884,"Bitcoin Up or Down - April 22, 12:40AM-12:45AM ET",latency-arb,UP,0.56,50.43,closed,partial,raw_event,1776833723637,2026-04-22 04:55:23 UTC,0.0,0.50101438464,-28.741814384640005
144,1776833010759,2026-04-22 04:43:30 UTC,2040884,"Bitcoin Up or Down - April 22, 12:40AM-12:45AM ET",calm-persistence,UP,0.16,107.0,closed,filled,raw_event,1776833723638,2026-04-22 04:55:23 UTC,0.0,0.165666816,-17.285666816000003
145,1776833910556,2026-04-22 04:58:30 UTC,2040956,"Bitcoin Up or Down - April 22, 12:55AM-1:00AM ET",calm-persistence,DOWN,0.53,77.0,closed,filled,raw_event,1776834623674,2026-04-22 05:10:23 UTC,0.0,0.731935512,-41.541935512
146,1776835819411,2026-04-22 05:30:19 UTC,2041034,"Bitcoin Up or Down - April 22, 1:30AM-1:35AM ET",latency-arb,UP,0.59,253.0,closed,filled,raw_event,1776836491478,2026-04-22 05:41:31 UTC,0.0,2.5998057359999995,-151.869805736
147,1776836428332,2026-04-22 05:40:28 UTC,2041068,"Bitcoin Up or Down - April 22, 1:40AM-1:45AM ET",latency-arb,DOWN,0.29,272.0,closed,filled,raw_event,1776837328261,2026-04-22 05:55:28 UTC,0.0,1.1693802239999997,-80.04938022399999
148,1776836610278,2026-04-22 05:43:30 UTC,2041068,"Bitcoin Up or Down - April 22, 1:40AM-1:45AM ET",calm-persistence,DOWN,0.4,66.0,closed,filled,raw_event,1776837328261,2026-04-22 05:55:28 UTC,0.0,0.456192,-26.856192000000004
149,1776838437987,2026-04-22 06:13:57 UTC,2041212,"Bitcoin Up or Down - April 22, 2:10AM-2:15AM ET",calm-persistence,UP,0.65,53.0,closed,filled,raw_event,1776839134203,2026-04-22 06:25:34 UTC,1.0,0.564291,17.985708999999996
150,1776839332992,2026-04-22 06:28:52 UTC,2041250,"Bitcoin Up or Down - April 22, 2:25AM-2:30AM ET",calm-persistence,DOWN,0.59,61.0,closed,filled,raw_event,1776839649559,2026-04-22 06:34:09 UTC,0.0,0.6268306319999999,-36.616830631999996
151,1776842019045,2026-04-22 07:13:39 UTC,2041446,"Bitcoin Up or Down - April 22, 3:10AM-3:15AM ET",calm-persistence,UP,0.54,59.0,closed,filled,raw_event,1776842705777,2026-04-22 07:25:05 UTC,1.0,0.569809728,26.570190271999998
152,1776842736585,2026-04-22 07:25:36 UTC,2041487,"Bitcoin Up or Down - April 22, 3:25AM-3:30AM ET",latency-arb,DOWN,0.46,177.0,closed,filled,raw_event,1776843615881,2026-04-22 07:40:15 UTC,0.0,1.4561804160000003,-82.876180416
153,1776842910937,2026-04-22 07:28:30 UTC,2041487,"Bitcoin Up or Down - April 22, 3:25AM-3:30AM ET",calm-persistence,DOWN,0.63,45.0,closed,filled,raw_event,1776843615908,2026-04-22 07:40:15 UTC,0.0,0.47580372,-28.82580372
154,1776849210262,2026-04-22 09:13:30 UTC,2041973,"Bitcoin Up or Down - April 22, 5:10AM-5:15AM ET",calm-persistence,UP,0.55,54.0,closed,filled,raw_event,1776849902809,2026-04-22 09:25:02 UTC,0.0,0.529254,-30.229254000000005
155,1776859738861,2026-04-22 12:08:58 UTC,2043238,"Bitcoin Up or Down - April 22, 8:05AM-8:10AM ET",calm-persistence,DOWN,0.58,45.0,closed,filled,raw_event,1776860182538,2026-04-22 12:16:22 UTC,0.0,0.45777312,-26.557773119999997
156,1776864749152,2026-04-22 13:32:29 UTC,2043646,"Bitcoin Up or Down - April 22, 9:30AM-9:35AM ET",latency-arb,DOWN,0.5,16.0,closed,filled,raw_event,1776865280568,2026-04-22 13:41:20 UTC,1.0,0.144,7.856
157,1776866492615,2026-04-22 14:01:32 UTC,2043832,"Bitcoin Up or Down - April 22, 10:00AM-10:05AM ET",latency-arb,UP,0.54,56.0,closed,filled,raw_event,1776867002352,2026-04-22 14:10:02 UTC,1.0,0.540836352,25.219163648
158,1776871144599,2026-04-22 15:19:04 UTC,2044092,"Bitcoin Up or Down - April 22, 11:15AM-11:20AM ET",calm-persistence,DOWN,0.52,53.0,closed,filled,raw_event,1776871508251,2026-04-22 15:25:08 UTC,0.0,0.49528627199999997,-28.055286272000004
159,1776871717393,2026-04-22 15:28:37 UTC,2044272,"Bitcoin Up or Down - April 22, 11:25AM-11:30AM ET",calm-persistence,UP,0.57,51.0,closed,filled,raw_event,1776872382735,2026-04-22 15:39:42 UTC,1.0,0.513004104,21.416995896000003
160,1776872047920,2026-04-22 15:34:07 UTC,2044277,"Bitcoin Up or Down - April 22, 11:30AM-11:35AM ET",calm-persistence,DOWN,0.64,45.0,closed,filled,raw_event,1776872493549,2026-04-22 15:41:33 UTC,0.0,0.47775744,-29.277757440000002
161,1776876908184,2026-04-22 16:55:08 UTC,2045577,"Bitcoin Up or Down - April 22, 12:55PM-1:00PM ET",latency-arb,DOWN,0.59,55.0,closed,filled,raw_event,1776877417522,2026-04-22 17:03:37 UTC,0.0,0.5651751599999999,-33.01517516
162,1776878704985,2026-04-22 17:25:04 UTC,2045740,"Bitcoin Up or Down - April 22, 1:25PM-1:30PM ET",latency-arb,DOWN,0.56,53.0,closed,filled,raw_event,1776879596575,2026-04-22 17:39:56 UTC,0.0,0.526546944,-30.206546944000003
163,1776888602735,2026-04-22 20:10:02 UTC,2046831,"Bitcoin Up or Down - April 22, 4:10PM-4:15PM ET",latency-arb,DOWN,0.47,51.0,closed,filled,raw_event,1776889497206,2026-04-22 20:24:57 UTC,1.0,0.42990674399999995,26.600093256
164,1776888810962,2026-04-22 20:13:30 UTC,2046831,"Bitcoin Up or Down - April 22, 4:10PM-4:15PM ET",calm-persistence,DOWN,0.55,43.0,closed,filled,raw_event,1776889497207,2026-04-22 20:24:57 UTC,1.0,0.421443,18.928556999999998
165,1776889718618,2026-04-22 20:28:38 UTC,2046908,"Bitcoin Up or Down - April 22, 4:25PM-4:30PM ET",calm-persistence,DOWN,0.38,50.0,closed,filled,raw_event,1776890083547,2026-04-22 20:34:43 UTC,0.0,0.3223008,-19.3223008
166,1776896010261,2026-04-22 22:13:30 UTC,2047667,"Bitcoin Up or Down - April 22, 6:10PM-6:15PM ET",calm-persistence,UP,0.47,49.0,closed,filled,raw_event,1776896383528,2026-04-22 22:19:43 UTC,0.0,0.4130476559999999,-23.443047655999997
167,1776900305278,2026-04-22 23:25:05 UTC,2047899,"Bitcoin Up or Down - April 22, 7:25PM-7:30PM ET",latency-arb,DOWN,0.49,51.0,closed,filled,raw_event,1776901200602,2026-04-22 23:40:00 UTC,0.0,0.44964007199999995,-25.439640072
168,1776900514401,2026-04-22 23:28:34 UTC,2047899,"Bitcoin Up or Down - April 22, 7:25PM-7:30PM ET",calm-persistence,DOWN,0.16,56.0,closed,filled,raw_event,1776901200602,2026-04-22 23:40:00 UTC,0.0,0.08670412799999999,-9.046704128
169,1776902120399,2026-04-22 23:55:20 UTC,2047998,"Bitcoin Up or Down - April 22, 7:55PM-8:00PM ET",latency-arb,DOWN,0.46,49.0,closed,filled,raw_event,1776902583516,2026-04-23 00:03:03 UTC,1.0,0.4031233920000001,26.056876608
170,1776902310311,2026-04-22 23:58:30 UTC,2047998,"Bitcoin Up or Down - April 22, 7:55PM-8:00PM ET",calm-persistence,DOWN,0.64,45.0,closed,filled,raw_event,1776902583516,2026-04-23 00:03:03 UTC,1.0,0.47775744,15.72224256
171,1776903305693,2026-04-23 00:15:05 UTC,2048052,"Bitcoin Up or Down - April 22, 8:15PM-8:20PM ET",latency-arb,DOWN,0.55,27.64,closed,partial,raw_event,1776903949257,2026-04-23 00:25:49 UTC,0.0,0.27089964,-15.472899640000001
172,1776904042117,2026-04-23 00:27:22 UTC,2048079,"Bitcoin Up or Down - April 22, 8:25PM-8:30PM ET",latency-arb,DOWN,0.41,51.0,closed,filled,raw_event,1776904812841,2026-04-23 00:40:12 UTC,0.0,0.36418528800000005,-21.274185288
173,1776904115066,2026-04-23 00:28:35 UTC,2048079,"Bitcoin Up or Down - April 22, 8:25PM-8:30PM ET",calm-persistence,DOWN,0.26,47.0,closed,filled,raw_event,1776904812841,2026-04-23 00:40:12 UTC,0.0,0.169281216,-12.389281216
174,1776904315941,2026-04-23 00:31:55 UTC,2048087,"Bitcoin Up or Down - April 22, 8:30PM-8:35PM ET",latency-arb,DOWN,0.58,50.0,closed,filled,raw_event,1776904859123,2026-04-23 00:40:59 UTC,1.0,0.5086367999999999,20.491363200000002
175,1776907802967,2026-04-23 01:30:02 UTC,2048336,"Bitcoin Up or Down - April 22, 9:30PM-9:35PM ET",latency-arb,DOWN,0.4,50.0,closed,filled,raw_event,1776908415217,2026-04-23 01:40:15 UTC,0.0,0.34559999999999996,-20.3456
176,1776910565573,2026-04-23 02:16:05 UTC,2048500,"Bitcoin Up or Down - April 22, 10:15PM-10:20PM ET",latency-arb,UP,0.51,49.0,closed,filled,raw_event,1776911115503,2026-04-23 02:25:15 UTC,0.0,0.449640072,-25.439640072000003
177,1776910701456,2026-04-23 02:18:21 UTC,2048500,"Bitcoin Up or Down - April 22, 10:15PM-10:20PM ET",spread-capture,UP,0.55,40.0,closed,filled,raw_event,1776911115503,2026-04-23 02:25:15 UTC,0.0,0.39203999999999994,-22.39204
178,1776912252490,2026-04-23 02:44:12 UTC,2048577,"Bitcoin Up or Down - April 22, 10:40PM-10:45PM ET",calm-persistence,DOWN,0.6,42.0,closed,filled,raw_event,1776912906187,2026-04-23 02:55:06 UTC,1.0,0.43545599999999995,16.364544000000002
179,1776912908139,2026-04-23 02:55:08 UTC,2049002,"Bitcoin Up or Down - April 22, 10:55PM-11:00PM ET",latency-arb,UP,0.49,47.0,closed,filled,raw_event,1776913814606,2026-04-23 03:10:14 UTC,0.0,0.414374184,-23.444374184
180,1776913116860,2026-04-23 02:58:36 UTC,2049002,"Bitcoin Up or Down - April 22, 10:55PM-11:00PM ET",calm-persistence,UP,0.65,43.0,closed,filled,raw_event,1776913814606,2026-04-23 03:10:14 UTC,0.0,0.457821,-28.407821
