LATENCY_ARB_MOMENTUM_THRESHOLD,LATENCY_ARB_MAX_ASK,LATENCY_ARB_MAX_POSITION_FRACTION,pnl,win_rate,trades,wins,losses,max_dd,hwm,final_balance,signals,fill_rate,partial_fill_rate,no_fill_count,spread_legging_count,residual_position_count,avg_fill_latency_ms,avg_slippage,raw_event_batches,legacy_snapshot_batches,dislocation_regime_count,structural_pair_regime_count,calm_regime_count,dislocation_queued,structural_pair_queued,calm_queued,dislocation_filled,structural_pair_filled,calm_filled,dislocation_missed,structural_pair_missed,calm_missed,latency_arb_candidates,spread_capture_candidates,calm_persistence_candidates,router_blocked_count,capital_blocked_count,latency_spread_overlap_count,latency_calm_overlap_count,spread_calm_overlap_count,total_fees,gross_pnl,pnl_net,elapsed_s
0.0008,0.5,0.03,89.34648642399992,0.5384615384615384,39,21,18,0.1568322415771628,323.13169074399997,289.3464864239999,19147,0.04572098475967175,0.05128205128205128,814,1,1,281.7692307692308,0.008392626372157276,10141915,0,8187369,5,1861520,34,2,817,27,1,11,7,1,806,40,3,19105,0,0,0,0,0,4.788513576,94.13499999999992,89.34648642399992,116.94713775
0.0008,0.5,0.05,158.4187091943199,0.5581395348837209,43,24,19,0.19201682747651155,422.34225739199996,358.4187091943199,19147,0.050175029171528586,0.11627906976744186,814,1,1,279.86046511627904,0.007539639053457073,10141915,0,8187369,5,1861520,38,2,817,31,1,11,7,1,806,40,3,19105,0,0,0,0,0,8.25939080568,166.6780999999999,158.4187091943199,113.641939792
0.0008,0.5,0.075,217.35918648072004,0.5681818181818182,44,25,19,0.22821131518248078,495.0669182624,417.35918648072004,19149,0.051222351571594875,0.13636363636363635,815,2,2,280.3181818181818,0.007701846634244388,10141915,0,8187369,5,1861520,38,4,817,31,2,11,7,2,806,40,3,19105,0,0,0,0,0,11.81591351928,229.17510000000004,217.35918648072004,108.583330667
0.0008,0.5,0.1,262.28352940872,0.5681818181818182,44,25,19,0.2843076922876291,562.8015020224001,462.28352940872,19149,0.051222351571594875,0.1590909090909091,815,2,2,280.3181818181818,0.007195411705080695,10141915,0,8187369,5,1861520,38,4,817,31,2,11,7,2,806,40,3,19105,0,0,0,0,0,15.191570591280003,277.47510000000005,262.28352940872,107.982090542
0.0008,0.5,0.125,227.07440144959986,0.5454545454545454,44,24,20,0.35285373743137344,620.9251166416,427.07440144959986,19149,0.05605095541401274,0.1590909090909091,741,2,2,281.3863636363636,0.007472181136488717,10141915,0,8187369,5,1861520,37,4,744,31,2,11,6,2,733,40,3,19105,0,1539,0,0,0,16.191598550400002,243.26599999999985,227.07440144959986,109.563298458
0.0008,0.55,0.03,233.36222004232002,0.6349206349206349,63,40,23,0.07703970408288152,469.53506229831993,433.36222004232,19383,0.08056265984654731,0.047619047619047616,719,2,2,291.8253968253968,0.010303247426912373,10141915,0,8244015,5,1876404,49,4,729,42,2,19,7,2,710,59,3,19320,0,0,0,0,0,10.57087995768,243.93310000000002,233.36222004232002,109.414965167
0.0008,0.55,0.05,298.09157169287994,0.6231884057971014,69,43,26,0.10896510150069562,552.93442785832,498.09157169287994,19383,0.08756345177664974,0.08695652173913043,719,2,2,289.5072463768116,0.011732657734652688,10141915,0,8244015,5,1876404,55,4,729,48,2,19,7,2,710,59,3,19320,0,0,0,0,0,16.930328307120003,315.02189999999996,298.09157169287994,208.91651625
0.0008,0.55,0.075,357.28222660328015,0.6231884057971014,69,43,26,0.16343606321853926,664.1504997847201,557.2822266032802,19383,0.08756345177664974,0.13043478260869565,719,2,2,289.5072463768116,0.011975792579654924,10141915,0,8244015,5,1876404,55,4,729,48,2,19,7,2,710,59,3,19320,0,0,0,0,0,24.086673396720006,381.36890000000017,357.28222660328015,255.820569875
0.0008,0.55,0.1,404.7291903642399,0.6231884057971014,69,43,26,0.20553012555659322,758.3827693936797,604.7291903642399,19383,0.08756345177664974,0.15942028985507245,719,2,2,289.5072463768116,0.011902542218141418,10141915,0,8244015,5,1876404,55,4,729,48,2,19,7,2,710,59,3,19320,0,0,0,0,0,30.65490963576,435.38409999999993,404.7291903642399,256.743799625
0.0008,0.55,0.125,381.9859550144803,0.6142857142857143,70,43,27,0.23261819029244418,748.0144397319201,581.9859550144803,19383,0.08883248730964467,0.14285714285714285,718,2,2,290.1142857142857,0.01270760258532799,10141915,0,8244015,5,1876404,55,4,729,49,2,19,6,2,710,59,3,19320,0,0,0,0,0,33.95694498551999,415.9429000000003,381.9859550144803,118.743765917
0.0008,0.6,0.03,487.1910007933601,0.7037037037037037,108,76,32,0.0795230454555284,724.49444020936,687.1910007933601,19426,0.17447495961227788,0.05555555555555555,511,2,2,293.23148148148147,0.010328322648879184,10141915,0,8209427,5,1870202,88,4,527,76,2,30,12,2,497,102,3,19320,0,0,0,0,0,23.155299206640006,510.3463000000001,487.1910007933601,118.89540825
0.0008,0.6,0.05,704.4739375892,0.6929824561403509,114,79,35,0.12899385116810091,976.9499446826399,904.4739375892,19227,0.1859706362153344,0.10526315789473684,499,2,2,292.3157894736842,0.01086697179642291,10141915,0,8196349,5,1870038,93,4,516,82,2,30,11,2,486,100,3,19123,0,0,0,0,0,38.74476241079999,743.2187,704.4739375892,117.53674725
0.0008,0.6,0.075,1058.0863915747993,0.6956521739130435,115,80,35,0.19060535845631327,1426.0633632682395,1258.0863915747993,19227,0.18729641693811075,0.1565217391304348,499,2,2,291.9913043478261,0.00997251272597313,10141915,0,8196349,5,1870038,94,4,516,83,2,30,11,2,486,100,3,19123,0,0,0,0,0,64.11930842519999,1122.2056999999993,1058.0863915747993,113.03569825
0.0008,0.6,0.1,1358.400491425119,0.6956521739130435,115,80,35,0.24867005641861292,1855.374568080959,1558.400491425119,19227,0.18729641693811075,0.22608695652173913,499,2,2,292.495652173913,0.00949371878682798,10141915,0,8196349,5,1870038,94,4,516,83,2,30,11,2,486,100,3,19123,0,0,0,0,0,90.15530857488001,1448.5557999999992,1358.400491425119,118.698948625
0.0008,0.6,0.125,1453.5677286516795,0.6972477064220184,109,76,33,0.33985931329504726,2081.01386455552,1653.5677286516795,19227,0.18664383561643835,0.29357798165137616,475,2,2,293.0183486238532,0.008875934385117464,10141915,0,8196349,5,1870038,89,4,491,78,2,29,11,2,462,100,3,19123,0,358,0,0,0,104.10567134832,1557.6733999999994,1453.5677286516795,114.526009167
0.0008,0.65,0.03,463.4914169010402,0.6909090909090909,165,114,51,0.19639577557092225,811.47516914104,663.4914169010402,19468,0.4319371727748691,0.06060606060606061,217,2,2,291.7878787878788,0.01099114224928824,10141915,0,8202833,5,1868594,130,4,248,115,2,48,15,2,200,145,3,19319,0,0,0,0,0,39.690283098959995,503.1817000000002,463.4914169010402,109.083003041
0.0008,0.65,0.05,544.4242395857594,0.6863905325443787,169,116,53,0.2488275391030375,969.7947107537594,744.4242395857594,19468,0.4378238341968912,0.11834319526627218,217,2,2,291.20118343195264,0.011747118754611043,10141915,0,8202833,5,1868594,134,4,248,119,2,48,15,2,200,145,3,19319,0,0,0,0,0,58.976760414239976,603.4009999999994,544.4242395857594,109.388200834
0.0008,0.65,0.075,678.58677238032,0.6882352941176471,170,117,53,0.2932540954759319,1216.8287735483202,878.58677238032,19468,0.4392764857881137,0.1588235294117647,217,2,2,291.29411764705884,0.011289772823146286,10141915,0,8202833,5,1868594,135,4,248,120,2,48,15,2,200,145,3,19319,0,0,0,0,0,84.31082761967998,762.8976,678.58677238032,115.473326583
0.0008,0.65,0.1,792.94020692008,0.6909090909090909,165,114,51,0.31233227079805703,1443.92439074088,992.94020692008,19468,0.4342105263157895,0.22424242424242424,215,2,2,290.9757575757576,0.011441108490842752,10141915,0,8202833,5,1868594,130,4,246,115,2,48,15,2,198,145,3,19319,0,234,0,0,0,104.98929307992,897.9295,792.94020692008,117.73572875
0.0008,0.65,0.125,930.2635417137597,0.6909090909090909,165,114,51,0.3217568954671938,1666.4578440385596,1130.2635417137597,19468,0.4342105263157895,0.2545454545454545,215,2,2,290.9757575757576,0.01151728275853504,10141915,0,8202833,5,1868594,130,4,246,115,2,48,15,2,198,145,3,19319,0,234,0,0,0,121.81785828624002,1052.0813999999996,930.2635417137597,114.3146965
0.0008,0.7,0.03,440.76104087336,0.7101449275362319,207,147,60,0.20306926329953182,783.0410400093598,640.76104087336,19374,0.696969696969697,0.033816425120772944,90,2,2,289.9951690821256,0.010042144821562208,10141915,0,8173907,5,1859723,161,4,132,146,2,59,15,2,73,193,3,19177,0,0,0,0,0,42.80525912663999,483.5663,440.76104087336,110.401454041
0.0008,0.7,0.05,564.3914917700798,0.7037037037037037,216,152,64,0.27120484150311747,1021.5485498580798,764.3914917700798,19374,0.7081967213114754,0.0787037037037037,89,2,2,289.22685185185185,0.010303893193230787,10141915,0,8173907,5,1859723,169,4,132,155,2,59,14,2,73,193,3,19177,0,0,0,0,0,67.57150822992004,631.9629999999999,564.3914917700798,113.3828725
0.0008,0.7,0.075,714.0454356366395,0.7023255813953488,215,151,64,0.313664480323668,1331.7763825886395,914.0454356366395,19374,0.7072368421052632,0.12558139534883722,89,2,2,288.9162790697674,0.009659329119653167,10141915,0,8173907,5,1859723,168,4,132,154,2,59,14,2,73,193,3,19177,0,2,0,0,0,99.16616436336001,813.2115999999995,714.0454356366395,208.485295833
0.0008,0.7,0.1,849.2681069123998,0.7061611374407583,211,149,62,0.31602105749573056,1510.7460942131997,1049.2681069123998,19374,0.7080536912751678,0.16113744075829384,87,2,2,288.7962085308057,0.009609323379574371,10141915,0,8173907,5,1859723,164,4,130,150,2,59,14,2,71,193,3,19177,0,235,0,0,0,121.0377930876,970.3058999999998,849.2681069123998,256.576563959
0.0008,0.7,0.125,972.8637464572005,0.7023255813953488,215,151,64,0.3103580563142327,1700.6850543180003,1172.8637464572005,19374,0.7072368421052632,0.22325581395348837,89,2,2,288.9953488372093,0.009334941463398359,10141915,0,8173907,5,1859723,168,4,132,154,2,59,14,2,73,193,3,19177,0,2,0,0,0,147.11315354280006,1119.9769000000006,972.8637464572005,243.002837791
0.001,0.5,0.03,62.09853478399998,0.55,20,11,9,0.06529397122175518,269.753407488,262.098534784,19336,0.024096385542168676,0.1,810,1,1,279.95,0.013182960161232429,10141915,0,8259719,5,1879381,9,2,819,7,1,12,2,1,807,14,3,19320,0,0,0,0,0,2.586465216,64.68499999999997,62.09853478399998,109.044961792
0.001,0.5,0.05,60.84211364799995,0.5416666666666666,24,13,11,0.17558433383928304,299.839411688,260.84211364799995,19121,0.028811524609843937,0.08333333333333333,809,1,1,283.4166666666667,0.011737813174652126,10141915,0,8190475,5,1859812,14,2,817,12,1,11,2,1,806,14,3,19105,0,0,0,0,0,3.8028863519999994,64.64499999999995,60.84211364799995,108.720459209
0.001,0.5,0.075,58.87145246400007,0.5416666666666666,24,13,11,0.23218019001587706,319.067296288,258.8714524640001,19121,0.028811524609843937,0.08333333333333333,809,1,1,282.7916666666667,0.009069384251118093,10141915,0,8190475,5,1859812,14,2,817,12,1,11,2,1,806,14,3,19105,0,0,0,0,0,4.893547536,63.76500000000007,58.87145246400007,239.370629125
0.001,0.5,0.1,55.30807169440004,0.5652173913043478,23,13,10,0.2658183223525218,329.9155844784,255.30807169440004,19119,0.027677496991576414,0.13043478260869565,808,0,0,281.95652173913044,0.00961125208604805,10141915,0,8190475,5,1859812,14,0,817,12,0,11,2,0,806,14,3,19105,0,0,0,0,0,5.9439283056,61.25200000000004,55.30807169440004,109.265755458
0.001,0.5,0.125,-1.143127913599983,0.5238095238095238,21,11,10,0.40087528316787585,331.91231558239997,198.85687208640002,19119,0.029288702928870293,0.14285714285714285,696,0,0,283.85714285714283,0.00936867422675924,10141915,0,8190475,5,1859812,12,0,705,11,0,10,1,0,695,14,3,19105,0,4090,0,0,0,6.1451279136000005,5.0020000000000175,-1.143127913599983,109.953732291
0.001,0.55,0.03,146.60363065951998,0.6486486486486487,37,24,13,0.07577932107687531,375.02258774751994,346.60363065952,19132,0.0492676431424767,0.08108108108108109,714,1,1,293.2432432432432,0.006884150350917217,10141915,0,8190475,5,1859812,22,2,727,18,1,18,4,1,709,25,3,19105,0,0,0,0,0,5.7737693404799995,152.37739999999997,146.60363065951998,110.535829833
0.001,0.55,0.05,155.48420751551987,0.6410256410256411,39,25,14,0.1100553062418989,392.01358201151993,355.48420751551987,19132,0.05179282868525897,0.07692307692307693,714,1,1,291.8205128205128,0.007626684351731831,10141915,0,8190475,5,1859812,24,2,727,20,1,18,4,1,709,25,3,19105,0,0,0,0,0,7.76319248448,163.24739999999986,155.48420751551987,109.818087125
0.001,0.55,0.075,167.76360505151996,0.6410256410256411,39,25,14,0.1631993661096024,415.92618518751993,367.76360505151996,19132,0.05179282868525897,0.07692307692307693,714,1,1,291.8205128205128,0.008270969813253428,10141915,0,8190475,5,1859812,24,2,727,20,1,18,4,1,709,25,3,19105,0,0,0,0,0,10.24379494848,178.00739999999996,167.76360505151996,110.578172042
0.001,0.55,0.1,160.00234705792002,0.6410256410256411,39,25,14,0.21631844568965566,426.72686931392,360.00234705792,19132,0.05179282868525897,0.1282051282051282,714,1,1,291.8205128205128,0.008349162438489585,10141915,0,8190475,5,1859812,24,2,727,20,1,18,4,1,709,25,3,19105,0,0,0,0,0,12.28205294208,172.2844,160.00234705792002,84.792619
0.001,0.55,0.125,146.99505789792005,0.6410256410256411,39,25,14,0.26635497588263585,433.95134229792006,346.99505789792005,19132,0.05179282868525897,0.1282051282051282,714,1,1,291.8205128205128,0.008168127781098494,10141915,0,8190475,5,1859812,24,2,727,20,1,18,4,1,709,25,3,19105,0,0,0,0,0,14.119342102080005,161.11440000000005,146.99505789792005,108.96139625
0.001,0.6,0.03,324.06358645503997,0.7246376811594203,69,50,19,0.07685193547577471,551.4648194630399,524.06358645504,19285,0.12169312169312169,0.043478260869565216,498,2,2,294.0289855072464,0.009353948973638145,10141915,0,8229045,5,1871871,42,4,521,38,2,29,4,2,492,48,3,19233,0,0,0,0,0,13.219613544959998,337.28319999999997,324.06358645503997,84.808620167
0.001,0.6,0.05,394.5317348710397,0.7183098591549296,71,51,20,0.11631244826809796,629.0795975030397,594.5317348710397,19285,0.12478031634446397,0.056338028169014086,498,2,2,293.22535211267603,0.010213535193763416,10141915,0,8229045,5,1871871,44,4,521,40,2,29,4,2,492,48,3,19233,0,0,0,0,0,18.751465128959996,413.2831999999997,394.5317348710397,84.7886375
0.001,0.6,0.075,502.5402534748798,0.7183098591549296,71,51,20,0.17132904984263775,747.9670759948799,702.5402534748798,19285,0.12478031634446397,0.08450704225352113,498,2,2,293.22535211267603,0.009914979715713423,10141915,0,8229045,5,1871871,44,4,521,40,2,29,4,2,492,48,3,19233,0,0,0,0,0,26.050746525119994,528.5909999999998,502.5402534748798,117.889285917
0.001,0.6,0.1,586.2917398515999,0.7183098591549296,71,51,20,0.21273681824116517,843.2701465636,786.2917398515999,19285,0.12478031634446397,0.11267605633802817,498,2,2,293.3098591549296,0.009303832878807946,10141915,0,8229045,5,1871871,44,4,521,40,2,29,4,2,492,48,3,19233,0,0,0,0,0,32.9251601484,619.2168999999999,586.2917398515999,113.703557916
0.001,0.6,0.125,673.3815404995999,0.7183098591549296,71,51,20,0.24599584607227817,952.0822309715999,873.3815404995999,19285,0.12478031634446397,0.11267605633802817,498,2,2,293.3098591549296,0.008742525974494783,10141915,0,8229045,5,1871871,44,4,521,40,2,29,4,2,492,48,3,19233,0,0,0,0,0,40.645359500400005,714.0268999999998,673.3815404995999,110.193079125
0.001,0.65,0.03,463.7534399560799,0.7619047619047619,105,80,25,0.14630119592255528,762.7458349080799,663.7534399560799,18978,0.3354632587859425,0.05714285714285714,208,2,2,292.18095238095236,0.008202972094050201,10141915,0,8158667,5,1853141,64,4,245,56,2,47,8,2,198,69,3,18905,0,0,0,0,0,25.307460043919992,489.0608999999999,463.7534399560799,111.933315458
0.001,0.65,0.05,590.3613044116798,0.75,108,81,27,0.1788477966147622,932.8413388964799,790.3613044116798,18978,0.34285714285714286,0.07407407407407407,207,2,2,292.1111111111111,0.009261334691798271,10141915,0,8158667,5,1853141,66,4,245,59,2,47,7,2,198,69,3,18905,0,0,0,0,0,36.26969558832,626.6309999999999,590.3613044116798,208.689140459
0.001,0.65,0.075,757.5684835364802,0.75,108,81,27,0.19806060516056515,1139.0819235652802,957.5684835364802,18978,0.34285714285714286,0.1574074074074074,207,2,2,292.1111111111111,0.008971102275545638,10141915,0,8158667,5,1853141,66,4,245,59,2,47,7,2,198,69,3,18905,0,0,0,0,0,48.93751646352,806.5060000000002,757.5684835364802,256.944543458
0.001,0.65,0.1,885.6612094773602,0.75,108,81,27,0.21984760828566574,1307.6296494581602,1085.6612094773602,18978,0.34285714285714286,0.17592592592592593,207,2,2,292.1111111111111,0.008822268343607083,10141915,0,8158667,5,1853141,66,4,245,59,2,47,7,2,198,69,3,18905,0,0,0,0,0,60.939890522639985,946.6011000000002,885.6612094773602,242.264702458
0.001,0.65,0.125,1025.9174477823208,0.75,108,81,27,0.25826745253508204,1499.2539823631205,1225.9174477823208,18978,0.34285714285714286,0.2037037037037037,207,2,2,292.1111111111111,0.008706591695369017,10141915,0,8158667,5,1853141,66,4,245,59,2,47,7,2,198,69,3,18905,0,0,0,0,0,73.95445221767999,1099.8719000000008,1025.9174477823208,108.205623875
0.001,0.7,0.03,470.3686252470395,0.7697841726618705,139,107,32,0.14227496435232395,748.1844215430397,670.3686252470395,19224,0.6205357142857143,0.02877697841726619,85,2,2,291.0071942446043,0.010236543216405974,10141915,0,8227911,5,1872710,89,4,131,77,2,60,12,2,71,100,3,19120,0,0,0,0,0,29.84457475296001,500.2131999999995,470.3686252470395,109.864256209
0.001,0.7,0.05,603.7972252818399,0.7638888888888888,144,110,34,0.16618374482679232,903.9863988898398,803.7972252818399,19224,0.6343612334801763,0.05555555555555555,83,2,2,290.40972222222223,0.009808519371962199,10141915,0,8227911,5,1872710,92,4,131,82,2,60,10,2,71,100,3,19120,0,0,0,0,0,42.20847471815999,646.0056999999999,603.7972252818399,256.022571875
0.001,0.7,0.075,785.9665095154394,0.7638888888888888,144,110,34,0.1727379408167683,1087.9211562002392,985.9665095154394,19224,0.6343612334801763,0.09722222222222222,83,2,2,290.40972222222223,0.009691087563745343,10141915,0,8227911,5,1872710,92,4,131,82,2,60,10,2,71,100,3,19120,0,0,0,0,0,57.17619048456001,843.1426999999994,785.9665095154394,249.244601334
0.001,0.7,0.1,893.1081453695197,0.7638888888888888,144,110,34,0.2259731274849387,1199.3384892383197,1093.1081453695197,19224,0.6343612334801763,0.14583333333333334,83,2,2,290.40972222222223,0.00960293579330161,10141915,0,8227911,5,1872710,92,4,131,82,2,60,10,2,71,100,3,19120,0,0,0,0,0,69.89555463047999,963.0036999999996,893.1081453695197,109.022638583
0.001,0.7,0.125,1001.8133908546401,0.7638888888888888,144,110,34,0.27989029638363644,1335.12069812344,1201.8133908546401,19224,0.6343612334801763,0.1527777777777778,83,2,2,290.52777777777777,0.00964963022223308,10141915,0,8227911,5,1872710,92,4,131,82,2,60,10,2,71,100,3,19120,0,0,0,0,0,80.87390914535999,1082.6873,1001.8133908546401,109.700381917
0.0012,0.5,0.03,54.71919115999998,0.5625,16,9,7,0.11077670816286987,271.547693616,254.71919115999998,19114,0.019464720194647202,0.125,806,0,0,279.25,0.012114575134321206,10141915,0,8203073,5,1864497,5,0,817,5,0,11,0,0,806,9,3,19105,0,0,0,0,0,2.01580884,56.73499999999998,54.71919115999998,109.644447083
0.0012,0.5,0.05,68.15153666399999,0.5714285714285714,21,12,9,0.1757791729581198,308.59046158399997,268.151536664,19116,0.025362318840579712,0.09523809523809523,807,1,1,280.85714285714283,0.015491176043632439,10141915,0,8190475,5,1859812,9,2,817,9,1,11,0,1,806,9,3,19105,0,0,0,0,0,3.323463336,71.475,68.15153666399999,87.251665125
0.0012,0.5,0.075,68.69756438399997,0.5714285714285714,21,12,9,0.23301490885444132,332.33072732,268.697564384,19116,0.025362318840579712,0.09523809523809523,807,1,1,280.14285714285717,0.01333957784919494,10141915,0,8190475,5,1859812,9,2,817,9,1,11,0,1,806,9,3,19105,0,0,0,0,0,4.187435615999999,72.88499999999998,68.69756438399997,85.827111
0.0012,0.5,0.1,61.53474055840002,0.5714285714285714,21,12,9,0.28731314873869623,348.3747216144,261.5347405584,19116,0.025362318840579712,0.14285714285714285,807,1,1,280.14285714285717,0.014141784087579575,10141915,0,8190475,5,1859812,9,2,817,9,1,11,0,1,806,9,3,19105,0,0,0,0,0,5.1172594416,66.65200000000002,61.53474055840002,86.625532542
0.0012,0.5,0.125,53.42734346240002,0.6,20,12,8,0.3381462531811865,362.881811072,253.42734346240002,19114,0.026595744680851064,0.15,732,0,0,279.05,0.014299766745988736,10141915,0,8190475,5,1859812,9,0,743,9,0,11,0,0,732,9,3,19105,0,1544,0,0,0,5.794656537599999,59.222000000000016,53.42734346240002,86.365226792
0.0012,0.55,0.03,127.75968053951999,0.6551724137931034,29,19,10,0.08532852647293585,358.33595998751997,327.75968053952,19122,0.03913630229419703,0.10344827586206896,712,1,1,299.62068965517244,0.007650489928782697,10141915,0,8190475,5,1859812,12,2,727,10,1,18,2,1,709,15,3,19105,0,0,0,0,0,4.587719460479999,132.3474,127.75968053951999,85.225397209
0.0012,0.55,0.05,125.24713709152013,0.6451612903225806,31,20,11,0.11109911058580774,365.89808938752,325.24713709152013,19122,0.04172274562584118,0.0967741935483871,712,1,1,297.03225806451616,0.00921622373177611,10141915,0,8190475,5,1859812,14,2,727,12,1,18,2,1,709,15,3,19105,0,0,0,0,0,5.73026290848,130.97740000000013,125.24713709152013,108.0252715
0.0012,0.55,0.075,120.98973221952008,0.6451612903225806,31,20,11,0.1689389399851201,386.24085240351997,320.9897322195201,19122,0.04172274562584118,0.0967741935483871,712,1,1,297.03225806451616,0.010719787974444887,10141915,0,8190475,5,1859812,14,2,727,12,1,18,2,1,709,15,3,19105,0,0,0,0,0,7.0376677804800005,128.02740000000009,120.98973221952008,109.283360792
0.0012,0.55,0.1,110.29044799392005,0.6451612903225806,31,20,11,0.2290421749463153,402.47395889952,310.29044799392005,19122,0.04172274562584118,0.12903225806451613,712,1,1,297.03225806451616,0.011131813330389016,10141915,0,8190475,5,1859812,14,2,727,12,1,18,2,1,709,15,3,19105,0,0,0,0,0,8.22395200608,118.51440000000005,110.29044799392005,205.696819625
0.0012,0.55,0.125,94.10003824191989,0.6451612903225806,31,20,11,0.30151822849764254,421.05613953152,294.1000382419199,19122,0.043235704323570434,0.12903225806451613,686,1,1,297.03225806451616,0.01110412066502143,10141915,0,8190475,5,1859812,14,2,701,12,1,18,2,1,683,15,3,19105,0,393,0,0,0,9.304361758079997,103.40439999999988,94.10003824191989,254.056175208
0.0012,0.6,0.03,273.907175304,0.7551020408163265,49,37,12,0.061003705485247944,498.07646424800004,473.907175304,19136,0.08892921960072596,0.04081632653061224,502,2,2,296.6530612244898,0.00710338680926916,10141915,0,8190475,5,1859812,22,4,525,18,2,29,4,2,496,27,3,19105,0,0,0,0,0,9.622824696,283.53000000000003,273.907175304,256.10859725
0.0012,0.6,0.05,308.26913307768024,0.7450980392156863,51,38,13,0.10125079694092812,535.7500513336802,508.26913307768024,19136,0.0922242314647378,0.0392156862745098,502,2,2,295.19607843137254,0.008246991802530187,10141915,0,8190475,5,1859812,24,4,525,20,2,29,4,2,496,27,3,19105,0,0,0,0,0,12.21096692232,320.4801000000002,308.26913307768024,243.487194041
0.0012,0.6,0.075,347.5796027400802,0.7450980392156863,51,38,13,0.1512080290711407,583.4027693720802,547.5796027400802,19136,0.0922242314647378,0.0784313725490196,502,2,2,295.19607843137254,0.0092007795112553,10141915,0,8190475,5,1859812,24,4,525,20,2,29,4,2,496,27,3,19105,0,0,0,0,0,15.487497259920003,363.0671000000002,347.5796027400802,245.101643916
0.0012,0.6,0.1,377.57170725087997,0.7450980392156863,51,38,13,0.19794742611844823,627.93181106688,577.57170725088,19136,0.0922242314647378,0.11764705882352941,502,2,2,295.3137254901961,0.00953251387605134,10141915,0,8190475,5,1859812,24,4,525,20,2,29,4,2,496,27,3,19105,0,0,0,0,0,18.67889274912,396.25059999999996,377.57170725087997,240.821390167
0.0012,0.6,0.125,407.70891561279984,0.7450980392156863,51,38,13,0.2664115620804312,674.1634855967999,607.7089156127998,19136,0.0922242314647378,0.13725490196078433,502,2,2,295.3137254901961,0.009568721149973671,10141915,0,8190475,5,1859812,24,4,525,20,2,29,4,2,496,27,3,19105,0,0,0,0,0,22.144084387200007,429.85299999999984,407.70891561279984,107.751209542
0.0012,0.65,0.03,409.1850115644802,0.7875,80,63,17,0.10938713458911054,684.0065254204801,609.1850115644802,19151,0.2777777777777778,0.05,208,2,2,292.475,0.007589229745498735,10141915,0,8190475,5,1859812,37,4,247,31,2,47,6,2,200,42,3,19105,0,0,0,0,0,19.429388435519996,428.61440000000016,409.1850115644802,256.35723875
0.0012,0.65,0.05,485.4494373261598,0.7804878048780488,82,64,18,0.13037744545769456,788.2148798301597,685.4494373261598,19151,0.2827586206896552,0.10975609756097561,208,2,2,291.7439024390244,0.008671366050846894,10141915,0,8190475,5,1859812,39,4,247,33,2,47,6,2,200,42,3,19105,0,0,0,0,0,25.290062673840005,510.7394999999998,485.4494373261598,245.881229208
0.0012,0.65,0.075,565.3781540605597,0.7804878048780488,82,64,18,0.1750817951715747,905.4156638285598,765.3781540605597,19151,0.2827586206896552,0.13414634146341464,208,2,2,291.7439024390244,0.009187071865928754,10141915,0,8190475,5,1859812,39,4,247,33,2,47,6,2,200,42,3,19105,0,0,0,0,0,32.54834593944,597.9264999999997,565.3781540605597,108.877815208
0.0012,0.65,0.1,622.8565941310401,0.7804878048780488,82,64,18,0.21981529106005002,1002.93756972304,822.8565941310401,19151,0.2827586206896552,0.17073170731707318,208,2,2,291.7439024390244,0.009289395647601633,10141915,0,8190475,5,1859812,39,4,247,33,2,47,6,2,200,42,3,19105,0,0,0,0,0,39.64260586895999,662.4992000000001,622.8565941310401,109.56721325
0.0012,0.65,0.125,672.4543313230398,0.7804878048780488,82,64,18,0.26402127661169444,1093.82939399504,872.4543313230398,19151,0.2827586206896552,0.17073170731707318,208,2,2,291.7439024390244,0.009181694683656934,10141915,0,8190475,5,1859812,39,4,247,33,2,47,6,2,200,42,3,19105,0,0,0,0,0,47.19486867695999,719.6491999999998,672.4543313230398,109.155803125
0.0012,0.7,0.03,415.7183572604796,0.7870370370370371,108,85,23,0.13926989880403193,705.6981844604796,615.7183572604796,19382,0.5714285714285714,0.037037037037037035,81,2,2,294.787037037037,0.012511056746009615,10141915,0,8259719,5,1879381,52,4,133,46,2,60,6,2,73,58,3,19320,0,0,0,0,0,24.44804273952,440.1663999999996,415.7183572604796,109.266418666
0.0012,0.7,0.05,507.72366450672007,0.7818181818181819,110,86,24,0.14843158434197848,812.70779789072,707.7236645067201,19382,0.5759162303664922,0.06363636363636363,81,2,2,294.1454545454545,0.012601749299431053,10141915,0,8259719,5,1879381,54,4,133,48,2,60,6,2,73,58,3,19320,0,0,0,0,0,32.15813549328001,539.8818000000001,507.72366450672007,110.209039584
0.0012,0.7,0.075,610.3775322209597,0.7818181818181819,110,86,24,0.16043792087819847,933.6686570609597,810.3775322209597,19382,0.5759162303664922,0.1,81,2,2,294.1454545454545,0.013083756017831308,10141915,0,8259719,5,1879381,54,4,133,48,2,60,6,2,73,58,3,19320,0,0,0,0,0,41.62646777904,652.0039999999997,610.3775322209597,109.746713708
0.0012,0.7,0.1,695.1159378916794,0.7818181818181819,110,86,24,0.18316757191056932,1042.5218162219196,895.1159378916794,19382,0.5759162303664922,0.14545454545454545,81,2,2,294.1454545454545,0.013233366543167596,10141915,0,8259719,5,1879381,54,4,133,48,2,60,6,2,73,58,3,19320,0,0,0,0,0,50.17646210832002,745.2923999999995,695.1159378916794,110.225188458
0.0012,0.7,0.125,780.1275082461597,0.7837837837837838,111,87,24,0.22469544280544096,1176.8241879843995,980.1275082461597,19382,0.581151832460733,0.17117117117117117,80,2,2,293.72072072072075,0.013119169220849993,10141915,0,8259719,5,1879381,54,4,133,49,2,60,5,2,73,58,3,19320,0,0,0,0,0,59.45579175384,839.5832999999997,780.1275082461597,85.495892334
0.0014,0.5,0.03,85.65355088800004,0.6666666666666666,15,10,5,0.05918781169390168,287.77721521600006,285.65355088800004,19326,0.018226002430133656,0.13333333333333333,808,1,1,279.8666666666667,0.020507191769601252,10141915,0,8259719,5,1879381,2,2,819,2,1,12,0,1,807,4,3,19320,0,0,0,0,0,2.121449112,87.77500000000003,85.65355088800004,118.067314292
0.0014,0.5,0.05,120.24778837600002,0.7058823529411765,17,12,5,0.05898735438408844,322.718263512,320.247788376,19326,0.020606060606060607,0.11764705882352941,808,1,1,277.52941176470586,0.020465419202925772,10141915,0,8259719,5,1879381,4,2,819,4,1,12,0,1,807,4,3,19320,0,0,0,0,0,2.7472116239999997,122.99500000000002,120.24778837600002,114.318782458
0.0014,0.5,0.075,146.04812627200005,0.7058823529411765,17,12,5,0.08214770987626208,357.76771520799997,346.04812627200005,19326,0.020606060606060607,0.11764705882352941,808,1,1,276.6470588235294,0.017217921161912307,10141915,0,8259719,5,1879381,4,2,819,4,1,12,0,1,807,4,3,19320,0,0,0,0,0,3.196873728,149.24500000000006,146.04812627200005,109.980727458
0.0014,0.5,0.1,157.62578624639997,0.7058823529411765,17,12,5,0.10842709156677784,380.6793358704,357.62578624639997,19326,0.020606060606060607,0.17647058823529413,808,1,1,276.6470588235294,0.016646096599491577,10141915,0,8259719,5,1879381,4,2,819,4,1,12,0,1,807,4,3,19320,0,0,0,0,0,3.6362137535999994,161.26199999999997,157.62578624639997,112.308012042
0.0014,0.5,0.125,165.94758592639988,0.7058823529411765,17,12,5,0.13171213853522246,399.8362797663999,365.9475859263999,19326,0.020606060606060607,0.17647058823529413,808,1,1,276.6470588235294,0.01548364011583397,10141915,0,8259719,5,1879381,4,2,819,4,1,12,0,1,807,4,3,19320,0,0,0,0,0,4.0344140736,169.98199999999989,165.94758592639988,207.5322495
0.0014,0.55,0.03,164.0392626115201,0.7407407407407407,27,20,7,0.07441092351252514,393.30548713152007,364.0392626115201,19330,0.036585365853658534,0.1111111111111111,711,1,1,300.25925925925924,0.011134259648179575,10141915,0,8259719,5,1879381,7,2,729,7,1,19,0,1,710,8,3,19320,0,0,0,0,0,4.638137388479998,168.6774000000001,164.0392626115201,258.246384875
0.0014,0.55,0.05,212.56931133952003,0.7586206896551724,29,22,7,0.09312853457889748,454.93692002752005,412.56931133952,19332,0.03913630229419703,0.10344827586206896,712,2,2,299,0.011389616652980356,10141915,0,8259719,5,1879381,8,4,729,8,2,19,0,2,710,8,3,19320,0,0,0,0,0,5.9180886604800005,218.48740000000004,212.56931133952003,243.160205708
0.0014,0.55,0.075,242.12820938751986,0.7586206896551724,29,22,7,0.11509450109387077,499.63324889951986,442.12820938751986,19332,0.03913630229419703,0.10344827586206896,712,2,2,299,0.012351240069233166,10141915,0,8259719,5,1879381,8,4,729,8,2,19,0,2,710,8,3,19320,0,0,0,0,0,7.25919061248,249.38739999999987,242.12820938751986,109.353253292
0.0014,0.55,0.1,262.0730761619201,0.7586206896551724,29,22,7,0.13749463877713516,535.7335698259201,462.0730761619201,19332,0.03913630229419703,0.13793103448275862,712,2,2,299,0.011603823929925289,10141915,0,8259719,5,1879381,8,4,729,8,2,19,0,2,710,8,3,19320,0,0,0,0,0,8.551323838079998,270.6244000000001,262.0730761619201,109.415347834
0.0014,0.55,0.125,274.58644914591997,0.7586206896551724,29,22,7,0.1606787281132323,565.44074961792,474.58644914591997,19332,0.03913630229419703,0.13793103448275862,712,2,2,299,0.010865188706704181,10141915,0,8259719,5,1879381,8,4,729,8,2,19,0,2,710,8,3,19320,0,0,0,0,0,9.80795085408,284.39439999999996,274.58644914591997,247.788341333
0.0014,0.6,0.03,268.10333128871997,0.7727272727272727,44,34,10,0.06879075574631581,502.68329505672,468.10333128871997,19340,0.08088235294117647,0.06818181818181818,500,2,2,294.1136363636364,0.007544592250976135,10141915,0,8259719,5,1879381,13,4,527,12,2,30,1,2,497,16,3,19320,0,0,0,0,0,8.89776871128,277.00109999999995,268.10333128871997,108.593218917
0.0014,0.6,0.05,313.81394309224015,0.7777777777777778,45,35,10,0.08488538556318596,561.4749617002401,513.8139430922402,19340,0.08256880733944955,0.08888888888888889,500,2,2,293.44444444444446,0.008123275944069246,10141915,0,8259719,5,1879381,14,4,527,13,2,30,1,2,497,16,3,19320,0,0,0,0,0,10.897756907760002,324.7117000000002,313.81394309224015,109.660840375
0.0014,0.6,0.075,358.5325184734403,0.7777777777777778,45,35,10,0.10635635047134728,625.0058608574403,558.5325184734403,19340,0.08256880733944955,0.17777777777777778,500,2,2,293.44444444444446,0.008695135791390637,10141915,0,8259719,5,1879381,14,4,527,13,2,30,1,2,497,16,3,19320,0,0,0,0,0,13.119681526559997,371.6522000000003,358.5325184734403,109.36012575
0.0014,0.6,0.1,396.7406567492799,0.7777777777777778,45,35,10,0.12632551421901214,683.0240169092799,596.7406567492799,19340,0.08256880733944955,0.2,500,2,2,293.44444444444446,0.007962243039737856,10141915,0,8259719,5,1879381,14,4,527,13,2,30,1,2,497,16,3,19320,0,0,0,0,0,15.166343250719997,411.90699999999987,396.7406567492799,108.543362584
0.0014,0.6,0.125,429.7223984052798,0.7777777777777778,45,35,10,0.1472167928425191,738.4319873092797,629.7223984052798,19340,0.08256880733944955,0.2,500,2,2,294.73333333333335,0.007384461440215612,10141915,0,8259719,5,1879381,14,4,527,13,2,30,1,2,497,16,3,19320,0,0,0,0,0,17.174601594719995,446.8969999999998,429.7223984052798,109.670775125
0.0014,0.65,0.03,344.3365274744,0.7910447761194029,67,53,14,0.09843025699839024,603.7653012423999,544.3365274744,18741,0.24814814814814815,0.08955223880597014,203,2,2,294.25373134328356,0.006587768089188994,10141915,0,8156532,5,1853480,21,4,245,19,2,46,2,2,199,24,3,18713,0,0,0,0,0,15.350472525599999,359.687,344.3365274744,108.45250225
0.0014,0.65,0.05,397.7716092779201,0.7941176470588235,68,54,14,0.13197230082498523,688.6549932059199,597.7716092779201,18741,0.25092250922509224,0.11764705882352941,203,2,2,293.80882352941177,0.00729917247322052,10141915,0,8156532,5,1853480,22,4,245,20,2,46,2,2,199,24,3,18713,0,0,0,0,0,18.845990722079996,416.6176000000001,397.7716092779201,110.15159475
0.0014,0.65,0.075,438.3604802877602,0.7941176470588235,68,54,14,0.1743442436284189,773.1557315037602,638.3604802877602,18741,0.25092250922509224,0.16176470588235295,203,2,2,293.80882352941177,0.007848609499124401,10141915,0,8156532,5,1853480,22,4,245,20,2,46,2,2,199,24,3,18713,0,0,0,0,0,22.835819712240003,461.1963000000002,438.3604802877602,109.582086375
0.0014,0.65,0.1,459.2660662584,0.7941176470588235,68,54,14,0.21500904287826134,839.8390583703999,659.2660662584,18741,0.25092250922509224,0.19117647058823528,203,2,2,293.80882352941177,0.007855931148532107,10141915,0,8156532,5,1853480,22,4,245,20,2,46,2,2,199,24,3,18713,0,0,0,0,0,26.36853374159999,485.6346,459.2660662584,118.59392675
0.0014,0.65,0.125,480.1722331143998,0.7941176470588235,68,54,14,0.25425645786292267,912.0725754663998,680.1722331143998,18741,0.25092250922509224,0.19117647058823528,203,2,2,293.80882352941177,0.007830811490292846,10141915,0,8156532,5,1853480,22,4,245,20,2,46,2,2,199,24,3,18713,0,0,0,0,0,30.2523668856,510.42459999999977,480.1722331143998,114.216523042
0.0014,0.7,0.03,331.60244787791976,0.797752808988764,89,71,18,0.15403172216524547,620.0907417339199,531.6024478779198,19360,0.5297619047619048,0.056179775280898875,79,2,2,294.64044943820227,0.01134042192747312,10141915,0,8259719,5,1879381,31,4,133,27,2,60,4,2,73,36,3,19320,0,0,0,0,0,19.59015212208,351.19259999999974,331.60244787791976,110.630821
0.0014,0.7,0.05,444.43222594568,0.8021978021978022,91,73,18,0.17053863676823863,759.6040246779199,644.43222594568,19360,0.5352941176470588,0.08791208791208792,79,2,2,293.7142857142857,0.010762383725327082,10141915,0,8259719,5,1879381,33,4,133,29,2,60,4,2,73,36,3,19320,0,0,0,0,0,25.682674054319993,470.1149,444.43222594568,114.503700542
0.0014,0.7,0.075,543.2929361008798,0.8021978021978022,91,73,18,0.19611261589680065,894.03593319312,743.2929361008798,19360,0.5352941176470588,0.12087912087912088,79,2,2,293.7142857142857,0.011092291281681464,10141915,0,8259719,5,1879381,33,4,133,29,2,60,4,2,73,36,3,19320,0,0,0,0,0,32.45296389911999,575.7458999999999,543.2929361008798,210.067058917
0.0014,0.7,0.1,621.5026237229599,0.8021978021978022,91,73,18,0.22197088728077724,1009.9071971032,821.5026237229599,19360,0.5352941176470588,0.16483516483516483,79,2,2,293.7142857142857,0.010949288868570049,10141915,0,8259719,5,1879381,33,4,133,29,2,60,4,2,73,36,3,19320,0,0,0,0,0,38.95327627704,660.4558999999999,621.5026237229599,257.172473083
0.0014,0.7,0.125,715.3983985709596,0.8043478260869565,92,74,18,0.24616680883145065,1153.7481067591996,915.3983985709596,19360,0.5411764705882353,0.16304347826086957,78,2,2,293.25,0.010873713276178245,10141915,0,8259719,5,1879381,33,4,133,30,2,60,3,2,73,36,3,19320,0,0,0,0,0,46.75750142903999,762.1558999999995,715.3983985709596,208.652745667
0.0016,0.5,0.03,93.49432368800007,0.7142857142857143,14,10,4,0.059205421071300515,296.11680448800007,293.49432368800007,19325,0.0170316301703163,0.14285714285714285,808,1,1,282,0.021791834071632148,10141915,0,8259719,5,1879381,1,2,819,1,1,12,0,1,807,3,3,19320,0,0,0,0,0,2.000676312,95.49500000000006,93.49432368800007,257.44403175
0.0016,0.5,0.05,138.46655263200006,0.75,16,12,4,0.05877978316371972,340.830272616,338.46655263200006,19325,0.019417475728155338,0.125,808,1,1,279,0.02160713807239891,10141915,0,8259719,5,1879381,3,2,819,3,1,12,0,1,807,3,3,19320,0,0,0,0,0,2.488447368,140.95500000000007,138.46655263200006,240.366037333
0.0016,0.5,0.075,176.0853117119999,0.75,16,12,4,0.05817730819410279,378.79584250399995,376.0853117119999,19325,0.019417475728155338,0.125,808,1,1,278.0625,0.018547367937317608,10141915,0,8259719,5,1879381,3,2,819,3,1,12,0,1,807,3,3,19320,0,0,0,0,0,2.7596882879999995,178.8449999999999,176.0853117119999,112.020204
0.0016,0.5,0.1,218.3261216304,0.7647058823529411,17,13,4,0.05637499808478374,420.4960158464,418.3261216304,19327,0.020581113801452784,0.17647058823529413,809,2,2,279.3529411764706,0.017449190629598692,10141915,0,8259719,5,1879381,3,4,819,3,2,12,0,2,807,3,3,19320,0,0,0,0,0,3.0858783696,221.412,218.3261216304,207.897998042
0.0016,0.5,0.125,231.94422968735995,0.7647058823529411,17,13,4,0.056491155339867795,434.39599966336,431.94422968735995,19327,0.020581113801452784,0.23529411764705882,809,2,2,279.3529411764706,0.016776981410389753,10141915,0,8259719,5,1879381,3,4,819,3,2,12,0,2,807,3,3,19320,0,0,0,0,0,3.2359703126399997,235.18019999999996,231.94422968735995,257.38438925
0.0016,0.55,0.03,160.88474792352002,0.76,25,19,6,0.07501256330775068,390.15097244352006,360.88474792352,19329,0.033921302578018994,0.12,712,1,1,301.76,0.011447526924252502,10141915,0,8259719,5,1879381,6,2,729,5,1,19,1,1,710,7,3,19320,0,0,0,0,0,4.372652076479999,165.25740000000002,160.88474792352002,242.755608791
0.0016,0.55,0.05,234.3313309555199,0.7857142857142857,28,22,6,0.09290613607027928,478.8163036115199,434.3313309555199,19331,0.03783783783783784,0.10714285714285714,712,2,2,298.57142857142856,0.011681949839159624,10141915,0,8259719,5,1879381,7,4,729,7,2,19,0,2,710,7,3,19320,0,0,0,0,0,5.71606904448,240.0473999999999,234.3313309555199,108.695941542
0.0016,0.55,0.075,276.01748124351997,0.7857142857142857,28,22,6,0.1147762705098486,537.73691936352,476.01748124351997,19331,0.03783783783783784,0.10714285714285714,712,2,2,298.57142857142856,0.012709358506566685,10141915,0,8259719,5,1879381,7,4,729,7,2,19,0,2,710,7,3,19320,0,0,0,0,0,6.909918756479999,282.9274,276.01748124351997,108.825453291
0.0016,0.55,0.1,309.85488342591987,0.7857142857142857,28,22,6,0.13789168321948636,591.4046686499199,509.85488342591987,19331,0.03783783783783784,0.17857142857142858,712,2,2,298.57142857142856,0.012012856376456164,10141915,0,8259719,5,1879381,7,4,729,7,2,19,0,2,710,7,3,19320,0,0,0,0,0,8.10951657408,317.96439999999984,309.85488342591987,109.719630709
0.0016,0.55,0.125,327.33768117887996,0.7857142857142857,28,22,6,0.16052866743679095,628.17830785088,527.33768117888,19331,0.03783783783783784,0.21428571428571427,712,2,2,298.57142857142856,0.011555114871359665,10141915,0,8259719,5,1879381,7,4,729,7,2,19,0,2,710,7,3,19320,0,0,0,0,0,9.09491882112,336.4326,327.33768117887996,109.625649292
0.0016,0.6,0.03,264.09485415624,0.8108108108108109,37,30,7,0.06837378641514334,498.15564159624,464.09485415624,19331,0.06890130353817504,0.10810810810810811,500,2,2,299.5945945945946,0.007672009810362194,10141915,0,8259719,5,1879381,6,4,527,5,2,30,1,2,497,7,3,19320,0,0,0,0,0,7.823645843759999,271.9185,264.09485415624,110.079703125
0.0016,0.6,0.05,320.24730185224007,0.8205128205128205,39,32,7,0.08562834115634783,568.96700244424,520.2473018522401,19331,0.0724907063197026,0.10256410256410256,499,2,2,297.46153846153845,0.008219605253503556,10141915,0,8259719,5,1879381,7,4,527,7,2,30,0,2,497,7,3,19320,0,0,0,0,0,9.19119814776,329.4385000000001,320.24730185224007,109.64398475
0.0016,0.6,0.075,359.6444646362402,0.8205128205128205,39,32,7,0.10616746822830928,626.1178070202402,559.6444646362402,19331,0.0724907063197026,0.1282051282051282,499,2,2,297.46153846153845,0.008905993629958494,10141915,0,8259719,5,1879381,7,4,527,7,2,30,0,2,497,7,3,19320,0,0,0,0,0,10.434035363759998,370.0785000000002,359.6444646362402,116.101416666
0.0016,0.6,0.1,381.3158152586402,0.8205128205128205,39,32,7,0.1271813674312729,666.0213171066401,581.3158152586402,19331,0.0724907063197026,0.15384615384615385,499,2,2,297.46153846153845,0.008534670609037613,10141915,0,8259719,5,1879381,7,4,527,7,2,30,0,2,497,7,3,19320,0,0,0,0,0,11.409684741360001,392.72550000000024,381.3158152586402,114.583035583
0.0016,0.6,0.125,391.9145986995999,0.8205128205128205,39,32,7,0.14748131157555494,694.3127543555998,591.9145986995999,19331,0.0724907063197026,0.1794871794871795,499,2,2,297.46153846153845,0.00813386798272671,10141915,0,8259719,5,1879381,7,4,527,7,2,30,0,2,497,7,3,19320,0,0,0,0,0,12.2491013004,404.1636999999999,391.9145986995999,118.81829183400001
0.0016,0.65,0.03,341.2818820087201,0.8245614035087719,57,47,10,0.11578274963385486,612.1593780087201,541.2818820087201,19334,0.21755725190839695,0.10526315789473684,205,2,2,296.94736842105266,0.007631333131602834,10141915,0,8236136,5,1875425,9,4,249,7,2,48,2,2,201,10,3,19320,0,0,0,0,0,14.111017991279995,355.3929000000001,341.2818820087201,114.484417042
0.0016,0.65,0.05,416.67927908072,0.8305084745762712,59,49,10,0.13074561813948135,709.43476610472,616.67927908072,19334,0.22433460076045628,0.11864406779661017,204,2,2,295.6271186440678,0.00784783833651902,10141915,0,8236136,5,1875425,10,4,249,9,2,48,1,2,201,10,3,19320,0,0,0,0,0,16.613620919279995,433.2929,416.67927908072,117.488128833
0.0016,0.65,0.075,466.75226589511976,0.8305084745762712,59,49,10,0.1497783800269428,784.2099638871199,666.7522658951198,19334,0.22433460076045628,0.15254237288135594,204,2,2,295.6271186440678,0.00804920408033837,10141915,0,8236136,5,1875425,10,4,249,9,2,48,1,2,201,10,3,19320,0,0,0,0,0,18.767634104879996,485.5198999999998,466.75226589511976,115.152437375
0.0016,0.65,0.1,508.12880646752,0.8305084745762712,59,49,10,0.1673349540946747,850.43657104352,708.12880646752,19334,0.22433460076045628,0.1864406779661017,204,2,2,295.6271186440678,0.007588482831098818,10141915,0,8236136,5,1875425,10,4,249,9,2,48,1,2,201,10,3,19320,0,0,0,0,0,20.81099353247999,528.9398,508.12880646752,110.617569541
0.0016,0.65,0.125,522.8611033516797,0.8305084745762712,59,49,10,0.18545526483442598,887.4418704636798,722.8611033516797,19334,0.22433460076045628,0.2033898305084746,204,2,2,295.6271186440678,0.007306406868676892,10141915,0,8236136,5,1875425,10,4,249,9,2,48,1,2,201,10,3,19320,0,0,0,0,0,22.30549664831999,545.1665999999997,522.8611033516797,109.855111041
0.0016,0.7,0.03,299.3286600051998,0.8026315789473685,76,61,15,0.16344291237917818,596.8853380051999,499.3286600051998,19344,0.4935064935064935,0.06578947368421052,78,2,2,297.05263157894734,0.010722735768616137,10141915,0,8259719,5,1879381,17,4,133,14,2,60,3,2,73,20,3,19320,0,0,0,0,0,17.158839994799994,316.48749999999984,299.3286600051998,204.580792709
0.0016,0.7,0.05,376.1200515447199,0.8076923076923077,78,63,15,0.1836312123607274,705.7105321367198,576.1200515447199,19344,0.5,0.07692307692307693,78,2,2,295.85897435897436,0.00925643252136557,10141915,0,8259719,5,1879381,19,4,133,16,2,60,3,2,73,20,3,19320,0,0,0,0,0,20.944848455279995,397.0648999999999,376.1200515447199,116.839178917
0.0016,0.7,0.075,424.2976968967199,0.8076923076923077,78,63,15,0.20541894082942927,785.6941588167199,624.2976968967199,19344,0.5,0.10256410256410256,78,2,2,295.85897435897436,0.009085991925422518,10141915,0,8259719,5,1879381,19,4,133,16,2,60,3,2,73,20,3,19320,0,0,0,0,0,24.749203103279992,449.0468999999999,424.2976968967199,113.466168583
0.0016,0.7,0.1,457.7692050471197,0.8076923076923077,78,63,15,0.2282014030890508,852.2549894231198,657.7692050471197,19344,0.5,0.11538461538461539,78,2,2,295.85897435897436,0.008339448886107891,10141915,0,8259719,5,1879381,19,4,133,16,2,60,3,2,73,20,3,19320,0,0,0,0,0,28.254694952879994,486.02389999999974,457.7692050471197,110.01489825
0.0016,0.7,0.125,488.67208548255996,0.8076923076923077,78,63,15,0.25074536293742167,919.1429073865598,688.67208548256,19344,0.5,0.15384615384615385,78,2,2,295.85897435897436,0.007808241693019918,10141915,0,8259719,5,1879381,19,4,133,16,2,60,3,2,73,20,3,19320,0,0,0,0,0,31.70891451743999,520.381,488.67208548255996,109.118573916
0.0018,0.5,0.03,94.79671771200003,0.7142857142857143,14,10,4,0.06000573063176526,297.75445184800003,294.79671771200003,19324,0.0170316301703163,0.14285714285714285,808,1,1,282.5,0.016789295369768312,10141915,0,8259719,5,1879381,1,2,819,1,1,12,0,1,807,2,3,19320,0,0,0,0,0,1.9682822879999997,96.76500000000003,94.79671771200003,207.756647125
0.0018,0.5,0.05,118.41812076000002,0.7333333333333333,15,11,4,0.05932369308060311,320.888595896,318.41812076,19324,0.018226002430133656,0.13333333333333333,808,1,1,281.26666666666665,0.015391002639304879,10141915,0,8259719,5,1879381,2,2,819,2,1,12,0,1,807,2,3,19320,0,0,0,0,0,2.25687924,120.67500000000003,118.41812076000002,115.294994917
0.0018,0.5,0.075,142.91417261600003,0.7333333333333333,15,11,4,0.059848336444306545,345.94839927199996,342.91417261600003,19324,0.018226002430133656,0.13333333333333333,808,1,1,280.26666666666665,0.0088089099173334,10141915,0,8259719,5,1879381,2,2,819,2,1,12,0,1,807,2,3,19320,0,0,0,0,0,2.380827384,145.29500000000002,142.91417261600003,109.657164875
0.0018,0.5,0.1,163.39455231199992,0.7333333333333333,15,11,4,0.05968385950282655,366.49371401599996,363.3945523119999,19324,0.018226002430133656,0.13333333333333333,808,1,1,280.26666666666665,0.00848962997023305,10141915,0,8259719,5,1879381,2,2,819,2,1,12,0,1,807,2,3,19320,0,0,0,0,0,2.600447688,165.99499999999992,163.39455231199992,115.983111
0.0018,0.5,0.125,183.3556347199999,0.7333333333333333,15,11,4,0.05961683351130364,386.51973147199993,383.3556347199999,19324,0.018226002430133656,0.13333333333333333,808,1,1,280.26666666666665,0.008182442765009639,10141915,0,8259719,5,1879381,2,2,819,2,1,12,0,1,807,2,3,19320,0,0,0,0,0,2.8293652799999998,186.1849999999999,183.3556347199999,208.97250425
0.0018,0.55,0.03,146.25396121600005,0.7391304347826086,23,17,6,0.08355475299033456,377.82285668000003,346.25396121600005,19327,0.031292517006802724,0.08695652173913043,712,1,1,303.4347826086956,0.00841698841698842,10141915,0,8259719,5,1879381,4,2,729,3,1,19,1,1,710,5,3,19320,0,0,0,0,0,3.9660387839999993,150.22000000000006,146.25396121600005,209.217943834
0.0018,0.55,0.05,186.56983802399986,0.76,25,19,6,0.099778141116004,429.41618692,386.56983802399986,19329,0.03387533875338753,0.08,713,2,2,301.72,0.0074265402843601905,10141915,0,8259719,5,1879381,5,4,729,4,2,19,1,2,710,5,3,19320,0,0,0,0,0,4.7401619759999996,191.30999999999986,186.56983802399986,118.301726417
0.0018,0.55,0.075,204.0347968559999,0.76,25,19,6,0.12316464451695736,460.7875290719999,404.0347968559999,19329,0.03387533875338753,0.08,713,2,2,301.72,0.006975,10141915,0,8259719,5,1879381,5,4,729,4,2,19,1,2,710,5,3,19320,0,0,0,0,0,5.395203143999999,209.4299999999999,204.0347968559999,114.360284541
0.0018,0.55,0.1,222.50819042400008,0.76,25,19,6,0.14449583148344583,493.87040528000006,422.5081904240001,19329,0.03387533875338753,0.12,713,2,2,301.72,0.006432432432432433,10141915,0,8259719,5,1879381,5,4,729,4,2,19,1,2,710,5,3,19320,0,0,0,0,0,6.121809575999999,228.63000000000008,222.50819042400008,110.321383292
0.0018,0.55,0.125,241.45872013600007,0.76,25,19,6,0.1668112255658706,529.84237628,441.45872013600007,19329,0.03387533875338753,0.12,713,2,2,304.04,0.0060822368421052635,10141915,0,8259719,5,1879381,5,4,729,4,2,19,1,2,710,5,3,19320,0,0,0,0,0,6.831279864000001,248.29000000000008,241.45872013600007,115.156950375
0.0018,0.6,0.03,255.19544899199997,0.8055555555555556,36,29,7,0.06859041173150311,488.71673077599996,455.19544899199997,19329,0.06728971962616823,0.05555555555555555,499,2,2,301.5833333333333,0.007230683090705485,10141915,0,8259719,5,1879381,4,4,527,4,2,30,0,2,497,5,3,19320,0,0,0,0,0,7.604551007999999,262.79999999999995,255.19544899199997,208.97047975
0.0018,0.6,0.05,292.5480961680002,0.8108108108108109,37,30,7,0.08463919874558838,538.0917508080001,492.5480961680002,19329,0.06902985074626866,0.05405405405405406,499,2,2,300.56756756756755,0.007546692607003889,10141915,0,8259719,5,1879381,5,4,527,5,2,30,0,2,497,5,3,19320,0,0,0,0,0,8.741903832,301.2900000000002,292.5480961680002,256.362032792
0.0018,0.6,0.075,316.3908340479999,0.8108108108108109,37,30,7,0.10676066676439244,578.1102721679999,516.3908340479999,19329,0.06902985074626866,0.10810810810810811,499,2,2,300.56756756756755,0.007445667268434939,10141915,0,8259719,5,1879381,5,4,527,5,2,30,0,2,497,5,3,19320,0,0,0,0,0,9.773165952000001,326.1639999999999,316.3908340479999,241.394774542
0.0018,0.6,0.1,335.8262435040001,0.8108108108108109,37,30,7,0.12689383762265713,613.7011357760001,535.8262435040001,19329,0.06902985074626866,0.13513513513513514,499,2,2,300.56756756756755,0.00701230368156673,10141915,0,8259719,5,1879381,5,4,527,5,2,30,0,2,497,5,3,19320,0,0,0,0,0,10.637756496,346.4640000000001,335.8262435040001,109.040195333
0.0018,0.6,0.125,357.09472825600005,0.8108108108108109,37,30,7,0.14780959234952368,653.72095632,557.094728256,19329,0.06902985074626866,0.13513513513513514,499,2,2,302.13513513513516,0.006656389074725849,10141915,0,8259719,5,1879381,5,4,527,5,2,30,0,2,497,5,3,19320,0,0,0,0,0,11.549271744000002,368.64400000000006,357.09472825600005,110.008507459
0.0018,0.65,0.03,323.48925142048006,0.8181818181818182,55,45,10,0.11720366924579459,592.98983602848,523.4892514204801,19331,0.21235521235521235,0.07272727272727272,204,2,2,298.9818181818182,0.007362172024563265,10141915,0,8236136,5,1875425,6,4,249,5,2,48,1,2,201,7,3,19320,0,0,0,0,0,13.585148579519998,337.0744000000001,323.48925142048006,114.855533916
0.0018,0.65,0.05,367.6165773004799,0.8214285714285714,56,46,10,0.13110474228546237,653.2623722604799,567.6165773004799,19331,0.2153846153846154,0.08928571428571429,204,2,2,298.35714285714283,0.007489812844830694,10141915,0,8236136,5,1875425,7,4,249,6,2,48,1,2,201,7,3,19320,0,0,0,0,0,15.34782269952,382.9643999999999,367.6165773004799,109.464032917
0.0018,0.65,0.075,395.55929369247997,0.8214285714285714,56,46,10,0.14920788449577185,700.00565689248,595.55929369248,19331,0.2153846153846154,0.125,204,2,2,298.35714285714283,0.007011210836045632,10141915,0,8236136,5,1875425,7,4,249,6,2,48,1,2,201,7,3,19320,0,0,0,0,0,16.77910630752,412.3384,395.55929369247997,114.852761625
0.0018,0.65,0.1,428.7428560239201,0.8214285714285714,56,46,10,0.1669658784906127,754.7624278399201,628.7428560239201,19331,0.2153846153846154,0.14285714285714285,204,2,2,299.39285714285717,0.006607254051199792,10141915,0,8236136,5,1875425,7,4,249,6,2,48,1,2,201,7,3,19320,0,0,0,0,0,18.357243976079992,447.1001000000001,428.7428560239201,209.269202208
0.0018,0.65,0.125,456.70121038391994,0.8214285714285714,56,46,10,0.1856624015578656,806.4237874319199,656.7012103839199,19331,0.2153846153846154,0.14285714285714285,204,2,2,298.25,0.0062126556631970885,10141915,0,8236136,5,1875425,7,4,249,6,2,48,1,2,201,7,3,19320,0,0,0,0,0,19.988889616079998,476.6900999999999,456.70121038391994,257.336594584
0.0018,0.7,0.03,287.23037803647986,0.8028169014084507,71,57,14,0.14384921545081705,569.09412083648,487.23037803647986,19337,0.47651006711409394,0.04225352112676056,78,2,2,300.46478873239437,0.01091766963407377,10141915,0,8259719,5,1879381,12,4,133,9,2,60,3,2,73,13,3,19320,0,0,0,0,0,15.866021963519998,303.09639999999985,287.23037803647986,240.558244958
0.0018,0.7,0.05,337.16293744448024,0.8055555555555556,72,58,14,0.15031432357291763,632.1901761404802,537.1629374444802,19337,0.48,0.05555555555555555,78,2,2,299.75,0.009412234853663411,10141915,0,8259719,5,1879381,13,4,133,10,2,60,3,2,73,13,3,19320,0,0,0,0,0,18.173462555519997,355.33640000000025,337.16293744448024,109.589707833
0.0018,0.7,0.075,367.6843343244799,0.8055555555555556,72,58,14,0.15754023381157772,673.8414783804799,567.6843343244799,19337,0.48,0.08333333333333333,78,2,2,299.75,0.008928669371235117,10141915,0,8259719,5,1879381,13,4,133,10,2,60,3,2,73,13,3,19320,0,0,0,0,0,20.19606567552,387.8803999999999,367.6843343244799,110.996561958
0.0018,0.7,0.1,397.22555783647954,0.8055555555555556,72,58,14,0.16496663075980803,715.2116069084797,597.2255578364795,19337,0.48,0.08333333333333333,78,2,2,299.75,0.008356818786075113,10141915,0,8259719,5,1879381,13,4,133,10,2,60,3,2,73,13,3,19320,0,0,0,0,0,22.244842163519998,419.47039999999953,397.22555783647954,109.045936
0.0018,0.7,0.125,429.36689414047964,0.8055555555555556,72,58,14,0.17249735179539252,760.5617885404797,629.3668941404796,19337,0.48,0.1111111111111111,78,2,2,299.75,0.007753609150154595,10141915,0,8259719,5,1879381,13,4,133,10,2,60,3,2,73,13,3,19320,0,0,0,0,0,24.603505859520006,453.97039999999964,429.36689414047964,86.995917667
