LATENCY_ARB_MOMENTUM_THRESHOLD,LATENCY_ARB_MAX_ASK,LATENCY_ARB_MAX_POSITION_FRACTION,LATENCY_ARB_COOLDOWN_MS,pnl,win_rate,trades,wins,losses,max_dd,hwm,final_balance,signals,fill_rate,partial_fill_rate,no_fill_count,spread_legging_count,residual_position_count,avg_fill_latency_ms,avg_slippage,raw_event_batches,legacy_snapshot_batches,dislocation_regime_count,structural_pair_regime_count,calm_regime_count,dislocation_queued,structural_pair_queued,calm_queued,dislocation_filled,structural_pair_filled,calm_filled,dislocation_missed,structural_pair_missed,calm_missed,latency_arb_candidates,spread_capture_candidates,calm_persistence_candidates,router_blocked_count,capital_blocked_count,latency_spread_overlap_count,latency_calm_overlap_count,spread_calm_overlap_count,total_fees,gross_pnl,pnl_net,elapsed_s
0.0006,0.5,0.03,30000,0,0,0,0,0,0,100,100,5,0,0,0,0,0,0,0,59767459,0,59416491,0,350818,0,0,0,0,0,0,0,0,0,5,0,0,0,0,0,0,0,0,0,0,271.07974
0.0006,0.5,0.03,60000,0,0,0,0,0,0,100,100,5,0,0,0,0,0,0,0,59767459,0,59416491,0,350818,0,0,0,0,0,0,0,0,0,5,0,0,0,0,0,0,0,0,0,0,250.89920675
0.0006,0.5,0.03,120000,0,0,0,0,0,0,100,100,5,0,0,0,0,0,0,0,59767459,0,59416491,0,350818,0,0,0,0,0,0,0,0,0,5,0,0,0,0,0,0,0,0,0,0,231.666760375
0.0006,0.5,0.05,30000,0,0,0,0,0,0,100,100,5,0,0,0,0,0,0,0,59767459,0,59416491,0,350818,0,0,0,0,0,0,0,0,0,5,0,0,0,0,0,0,0,0,0,0,236.918372709
0.0006,0.5,0.05,60000,0,0,0,0,0,0,100,100,5,0,0,0,0,0,0,0,59767459,0,59416491,0,350818,0,0,0,0,0,0,0,0,0,5,0,0,0,0,0,0,0,0,0,0,237.241850459
0.0006,0.5,0.05,120000,0,0,0,0,0,0,100,100,5,0,0,0,0,0,0,0,59767459,0,59416491,0,350818,0,0,0,0,0,0,0,0,0,5,0,0,0,0,0,0,0,0,0,0,234.60872175
0.0006,0.5,0.075,30000,15.536689368000012,1,2,2,0,0,115.53668936800001,115.53668936800001,5,0.4,0,3,0,0,253.5,0.004838709677419359,59767459,0,59416491,0,350818,5,0,0,2,0,0,3,0,0,5,0,0,0,0,0,0,0,0.273310632,15.810000000000011,15.536689368000012,237.282813333
0.0006,0.5,0.075,60000,15.536689368000012,1,2,2,0,0,115.53668936800001,115.53668936800001,5,0.4,0,3,0,0,253.5,0.004838709677419359,59767459,0,59416491,0,350818,5,0,0,2,0,0,3,0,0,5,0,0,0,0,0,0,0,0.273310632,15.810000000000011,15.536689368000012,230.687754542
0.0006,0.5,0.075,120000,15.536689368000012,1,2,2,0,0,115.53668936800001,115.53668936800001,5,0.4,0,3,0,0,253.5,0.004838709677419359,59767459,0,59416491,0,350818,5,0,0,2,0,0,3,0,0,5,0,0,0,0,0,0,0,0.273310632,15.810000000000011,15.536689368000012,252.362115209
0.0006,0.5,0.1,30000,21.049708175999996,1,2,2,0,0,121.049708176,121.049708176,5,0.4,0,3,0,0,253.5,0.004761904761904766,59767459,0,59416491,0,350818,5,0,0,2,0,0,3,0,0,5,0,0,0,0,0,0,0,0.37029182399999994,21.419999999999995,21.049708175999996,295.870008375
0.0006,0.5,0.1,60000,21.049708175999996,1,2,2,0,0,121.049708176,121.049708176,5,0.4,0,3,0,0,253.5,0.004761904761904766,59767459,0,59416491,0,350818,5,0,0,2,0,0,3,0,0,5,0,0,0,0,0,0,0,0.37029182399999994,21.419999999999995,21.049708175999996,239.381191208
0.0006,0.5,0.1,120000,21.049708175999996,1,2,2,0,0,121.049708176,121.049708176,5,0.4,0,3,0,0,253.5,0.004761904761904766,59767459,0,59416491,0,350818,5,0,0,2,0,0,3,0,0,5,0,0,0,0,0,0,0,0.37029182399999994,21.419999999999995,21.049708175999996,245.681798
0.0006,0.5,0.125,30000,26.562726984000008,1,2,2,0,0,126.56272698400001,126.56272698400001,5,0.4,0,3,0,0,253.5,0.004716981132075476,59767459,0,59416491,0,350818,5,0,0,2,0,0,3,0,0,5,0,0,0,0,0,0,0,0.46727301599999993,27.03000000000001,26.562726984000008,236.007194041
0.0006,0.5,0.125,60000,26.562726984000008,1,2,2,0,0,126.56272698400001,126.56272698400001,5,0.4,0,3,0,0,253.5,0.004716981132075476,59767459,0,59416491,0,350818,5,0,0,2,0,0,3,0,0,5,0,0,0,0,0,0,0,0.46727301599999993,27.03000000000001,26.562726984000008,242.823237666
0.0006,0.5,0.125,120000,26.562726984000008,1,2,2,0,0,126.56272698400001,126.56272698400001,5,0.4,0,3,0,0,253.5,0.004716981132075476,59767459,0,59416491,0,350818,5,0,0,2,0,0,3,0,0,5,0,0,0,0,0,0,0,0.46727301599999993,27.03000000000001,26.562726984000008,237.808413792
0.0006,0.55,0.03,30000,0,0,0,0,0,0,100,100,6,0,0,0,0,0,0,0,59767459,0,59416491,0,350818,0,0,0,0,0,0,0,0,0,6,0,0,0,0,0,0,0,0,0,0,239.103313375
0.0006,0.55,0.03,60000,0,0,0,0,0,0,100,100,6,0,0,0,0,0,0,0,59767459,0,59416491,0,350818,0,0,0,0,0,0,0,0,0,6,0,0,0,0,0,0,0,0,0,0,232.5794805
0.0006,0.55,0.03,120000,0,0,0,0,0,0,100,100,6,0,0,0,0,0,0,0,59767459,0,59416491,0,350818,0,0,0,0,0,0,0,0,0,6,0,0,0,0,0,0,0,0,0,0,270.533779625
0.0006,0.55,0.05,30000,0,0,0,0,0,0,100,100,6,0,0,0,0,0,0,0,59767459,0,59416491,0,350818,0,0,0,0,0,0,0,0,0,6,0,0,0,0,0,0,0,0,0,0,231.912927
0.0006,0.55,0.05,60000,0,0,0,0,0,0,100,100,6,0,0,0,0,0,0,0,59767459,0,59416491,0,350818,0,0,0,0,0,0,0,0,0,6,0,0,0,0,0,0,0,0,0,0,230.734214542
0.0006,0.55,0.05,120000,0,0,0,0,0,0,100,100,6,0,0,0,0,0,0,0,59767459,0,59416491,0,350818,0,0,0,0,0,0,0,0,0,6,0,0,0,0,0,0,0,0,0,0,236.32015875
0.0006,0.55,0.075,30000,13.26727712799999,1,2,2,0,0,113.26727712799999,113.26727712799999,6,0.3333333333333333,0,4,0,0,258,0.005185185185185189,59767459,0,59416491,0,350818,6,0,0,2,0,0,4,0,0,6,0,0,0,0,0,0,0,0.24272287199999998,13.50999999999999,13.26727712799999,243.066863834
0.0006,0.55,0.075,60000,13.26727712799999,1,2,2,0,0,113.26727712799999,113.26727712799999,6,0.3333333333333333,0,4,0,0,258,0.005185185185185189,59767459,0,59416491,0,350818,6,0,0,2,0,0,4,0,0,6,0,0,0,0,0,0,0,0.24272287199999998,13.50999999999999,13.26727712799999,232.058617667
0.0006,0.55,0.075,120000,13.26727712799999,1,2,2,0,0,113.26727712799999,113.26727712799999,6,0.3333333333333333,0,4,0,0,258,0.005185185185185189,59767459,0,59416491,0,350818,6,0,0,2,0,0,4,0,0,6,0,0,0,0,0,0,0,0.24272287199999998,13.50999999999999,13.26727712799999,238.289874834
0.0006,0.55,0.1,30000,18.177313127999994,1,2,2,0,0,118.177313128,118.177313128,6,0.3333333333333333,0,4,0,0,258,0.00513513513513514,59767459,0,59416491,0,350818,6,0,0,2,0,0,4,0,0,6,0,0,0,0,0,0,0,0.332686872,18.509999999999994,18.177313127999994,232.641872208
0.0006,0.55,0.1,60000,18.177313127999994,1,2,2,0,0,118.177313128,118.177313128,6,0.3333333333333333,0,4,0,0,258,0.00513513513513514,59767459,0,59416491,0,350818,6,0,0,2,0,0,4,0,0,6,0,0,0,0,0,0,0,0.332686872,18.509999999999994,18.177313127999994,242.449593125
0.0006,0.55,0.1,120000,18.177313127999994,1,2,2,0,0,118.177313128,118.177313128,6,0.3333333333333333,0,4,0,0,258,0.00513513513513514,59767459,0,59416491,0,350818,6,0,0,2,0,0,4,0,0,6,0,0,0,0,0,0,0,0.332686872,18.509999999999994,18.177313127999994,239.18340425
0.0006,0.55,0.125,30000,23.107708984,1,2,2,0,0,123.107708984,123.107708984,6,0.3333333333333333,0,4,0,0,258,0.005319148936170218,59767459,0,59416491,0,350818,6,0,0,2,0,0,4,0,0,6,0,0,0,0,0,0,0,0.42229101599999996,23.529999999999998,23.107708984,236.448215917
0.0006,0.55,0.125,60000,23.107708984,1,2,2,0,0,123.107708984,123.107708984,6,0.3333333333333333,0,4,0,0,258,0.005319148936170218,59767459,0,59416491,0,350818,6,0,0,2,0,0,4,0,0,6,0,0,0,0,0,0,0,0.42229101599999996,23.529999999999998,23.107708984,240.749988458
0.0006,0.55,0.125,120000,23.107708984,1,2,2,0,0,123.107708984,123.107708984,6,0.3333333333333333,0,4,0,0,258,0.005319148936170218,59767459,0,59416491,0,350818,6,0,0,2,0,0,4,0,0,6,0,0,0,0,0,0,0,0.42229101599999996,23.529999999999998,23.107708984,232.104010042
0.0006,0.6,0.03,30000,0,0,0,0,0,0,100,100,11,0,0,0,0,0,0,0,59767459,0,59416491,0,350818,0,0,0,0,0,0,0,0,0,11,0,0,0,0,0,0,0,0,0,0,244.631124333
0.0006,0.6,0.03,60000,0,0,0,0,0,0,100,100,11,0,0,0,0,0,0,0,59767459,0,59416491,0,350818,0,0,0,0,0,0,0,0,0,11,0,0,0,0,0,0,0,0,0,0,237.8607795
0.0006,0.6,0.03,120000,0,0,0,0,0,0,100,100,11,0,0,0,0,0,0,0,59767459,0,59416491,0,350818,0,0,0,0,0,0,0,0,0,11,0,0,0,0,0,0,0,0,0,0,230.263719792
0.0006,0.6,0.05,30000,0,0,0,0,0,0,100,100,11,0,0,0,0,0,0,0,59767459,0,59416491,0,350818,0,0,0,0,0,0,0,0,0,11,0,0,0,0,0,0,0,0,0,0,279.964008416
0.0006,0.6,0.05,60000,0,0,0,0,0,0,100,100,11,0,0,0,0,0,0,0,59767459,0,59416491,0,350818,0,0,0,0,0,0,0,0,0,11,0,0,0,0,0,0,0,0,0,0,243.44475125
0.0006,0.6,0.05,120000,0,0,0,0,0,0,100,100,11,0,0,0,0,0,0,0,59767459,0,59416491,0,350818,0,0,0,0,0,0,0,0,0,11,0,0,0,0,0,0,0,0,0,0,242.619144958
0.0006,0.6,0.075,30000,15.941377903999992,0.8,5,4,1,0.06960706848,115.94137790399999,115.94137790399999,11,0.5,0,5,0,0,258,0,59767459,0,59416491,0,350818,10,0,0,5,0,0,5,0,0,11,0,0,0,0,0,0,0,0.578622096,16.519999999999992,15.941377903999992,244.62092425
0.0006,0.6,0.075,60000,15.941377903999992,0.8,5,4,1,0.06960706848,115.94137790399999,115.94137790399999,11,0.5,0,5,0,0,258,0,59767459,0,59416491,0,350818,10,0,0,5,0,0,5,0,0,11,0,0,0,0,0,0,0,0.578622096,16.519999999999992,15.941377903999992,240.536702708
0.0006,0.6,0.075,120000,15.941377903999992,0.8,5,4,1,0.06960706848,115.94137790399999,115.94137790399999,11,0.5,0,5,0,0,258,0,59767459,0,59416491,0,350818,10,0,0,5,0,0,5,0,0,11,0,0,0,0,0,0,0,0.578622096,16.519999999999992,15.941377903999992,235.871303375
0.0006,0.6,0.1,30000,27.589020559999994,0.8333333333333334,6,5,1,0.09280942463999992,127.58902056,127.58902056,11,0.5454545454545454,0,5,0,0,256.8333333333333,0.01855670103092783,59767459,0,59416491,0,350818,11,0,0,6,0,0,5,0,0,11,0,0,0,0,0,0,0,0.9309794399999999,28.519999999999996,27.589020559999994,239.477479
0.0006,0.6,0.1,60000,27.589020559999994,0.8333333333333334,6,5,1,0.09280942463999992,127.58902056,127.58902056,11,0.5454545454545454,0,5,0,0,256.8333333333333,0.01855670103092783,59767459,0,59416491,0,350818,11,0,0,6,0,0,5,0,0,11,0,0,0,0,0,0,0,0.9309794399999999,28.519999999999996,27.589020559999994,238.295612709
0.0006,0.6,0.1,120000,27.589020559999994,0.8333333333333334,6,5,1,0.09280942463999992,127.58902056,127.58902056,11,0.5454545454545454,0,5,0,0,256.8333333333333,0.01855670103092783,59767459,0,59416491,0,350818,11,0,0,6,0,0,5,0,0,11,0,0,0,0,0,0,0,0.9309794399999999,28.519999999999996,27.589020559999994,240.478342791
0.0006,0.6,0.125,30000,34.08025554400001,0.8333333333333334,6,5,1,0.11601178079999996,134.080255544,134.080255544,11,0.5454545454545454,0,5,0,0,256.8333333333333,0.014999999999999996,59767459,0,59416491,0,350818,11,0,0,6,0,0,5,0,0,11,0,0,0,0,0,0,0,1.1497444559999999,35.23000000000001,34.08025554400001,246.1262345
0.0006,0.6,0.125,60000,34.08025554400001,0.8333333333333334,6,5,1,0.11601178079999996,134.080255544,134.080255544,11,0.5454545454545454,0,5,0,0,256.8333333333333,0.014999999999999996,59767459,0,59416491,0,350818,11,0,0,6,0,0,5,0,0,11,0,0,0,0,0,0,0,1.1497444559999999,35.23000000000001,34.08025554400001,248.083381541
0.0006,0.6,0.125,120000,34.08025554400001,0.8333333333333334,6,5,1,0.11601178079999996,134.080255544,134.080255544,11,0.5454545454545454,0,5,0,0,256.8333333333333,0.014999999999999996,59767459,0,59416491,0,350818,11,0,0,6,0,0,5,0,0,11,0,0,0,0,0,0,0,1.1497444559999999,35.23000000000001,34.08025554400001,240.12150275
0.0006,0.65,0.03,30000,0,0,0,0,0,0,100,100,15,0,0,0,0,0,0,0,59767459,0,59416491,0,350818,0,0,0,0,0,0,0,0,0,15,0,0,0,0,0,0,0,0,0,0,242.316243959
0.0006,0.65,0.03,60000,0,0,0,0,0,0,100,100,15,0,0,0,0,0,0,0,59767459,0,59416491,0,350818,0,0,0,0,0,0,0,0,0,15,0,0,0,0,0,0,0,0,0,0,247.042576958
0.0006,0.65,0.03,120000,0,0,0,0,0,0,100,100,15,0,0,0,0,0,0,0,59767459,0,59416491,0,350818,0,0,0,0,0,0,0,0,0,15,0,0,0,0,0,0,0,0,0,0,241.218581583
0.0006,0.65,0.05,30000,0,0,0,0,0,0,100,100,15,0,0,0,0,0,0,0,59767459,0,59416491,0,350818,0,0,0,0,0,0,0,0,0,15,0,0,0,0,0,0,0,0,0,0,244.594977792
0.0006,0.65,0.05,60000,0,0,0,0,0,0,100,100,15,0,0,0,0,0,0,0,59767459,0,59416491,0,350818,0,0,0,0,0,0,0,0,0,15,0,0,0,0,0,0,0,0,0,0,230.383636459
0.0006,0.65,0.05,120000,0,0,0,0,0,0,100,100,15,0,0,0,0,0,0,0,59767459,0,59416491,0,350818,0,0,0,0,0,0,0,0,0,15,0,0,0,0,0,0,0,0,0,0,233.944140333
0.0006,0.65,0.075,30000,13.301903975999991,0.8,5,4,1,0.06380647944000004,113.30190397599999,113.30190397599999,15,0.35714285714285715,0,9,0,0,261.8,0.006545454545454551,59767459,0,59416491,0,350818,14,0,0,5,0,0,9,0,0,15,0,0,0,0,0,0,0,0.528096024,13.829999999999991,13.301903975999991,225.181727209
0.0006,0.65,0.075,60000,13.301903975999991,0.8,5,4,1,0.06380647944000004,113.30190397599999,113.30190397599999,15,0.35714285714285715,0,9,0,0,261.8,0.006545454545454551,59767459,0,59416491,0,350818,14,0,0,5,0,0,9,0,0,15,0,0,0,0,0,0,0,0.528096024,13.829999999999991,13.301903975999991,227.589515292
0.0006,0.65,0.075,120000,13.301903975999991,0.8,5,4,1,0.06380647944000004,113.30190397599999,113.30190397599999,15,0.35714285714285715,0,9,0,0,261.8,0.006545454545454551,59767459,0,59416491,0,350818,14,0,0,5,0,0,9,0,0,15,0,0,0,0,0,0,0,0.528096024,13.829999999999991,13.301903975999991,227.433687792
0.0006,0.65,0.1,30000,24.045877375999993,0.8333333333333334,6,5,1,0.08700883559999995,124.04587737599999,124.04587737599999,15,0.4,0,9,0,0,260,0.026,59767459,0,59416491,0,350818,15,0,0,6,0,0,9,0,0,15,0,0,0,0,0,0,0,0.8741226239999998,24.91999999999999,24.045877375999993,233.399872292
0.0006,0.65,0.1,60000,24.045877375999993,0.8333333333333334,6,5,1,0.08700883559999995,124.04587737599999,124.04587737599999,15,0.4,0,9,0,0,260,0.026,59767459,0,59416491,0,350818,15,0,0,6,0,0,9,0,0,15,0,0,0,0,0,0,0,0.8741226239999998,24.91999999999999,24.045877375999993,236.664136542
0.0006,0.65,0.1,120000,24.045877375999993,0.8333333333333334,6,5,1,0.08700883559999995,124.04587737599999,124.04587737599999,15,0.4,0,9,0,0,260,0.026,59767459,0,59416491,0,350818,15,0,0,6,0,0,9,0,0,15,0,0,0,0,0,0,0,0.8741226239999998,24.91999999999999,24.045877375999993,235.906128208
0.0006,0.65,0.125,30000,29.774913776000005,0.8333333333333334,6,5,1,0.11021119176,129.774913776,129.774913776,15,0.4,0,9,0,0,260,0.02223214285714286,59767459,0,59416491,0,350818,15,0,0,6,0,0,9,0,0,15,0,0,0,0,0,0,0,1.0850862239999999,30.860000000000007,29.774913776000005,239.467042917
0.0006,0.65,0.125,60000,29.774913776000005,0.8333333333333334,6,5,1,0.11021119176,129.774913776,129.774913776,15,0.4,0,9,0,0,260,0.02223214285714286,59767459,0,59416491,0,350818,15,0,0,6,0,0,9,0,0,15,0,0,0,0,0,0,0,1.0850862239999999,30.860000000000007,29.774913776000005,238.269845209
0.0006,0.65,0.125,120000,29.774913776000005,0.8333333333333334,6,5,1,0.11021119176,129.774913776,129.774913776,15,0.4,0,9,0,0,260,0.02223214285714286,59767459,0,59416491,0,350818,15,0,0,6,0,0,9,0,0,15,0,0,0,0,0,0,0,1.0850862239999999,30.860000000000007,29.774913776000005,240.484345583
0.0006,0.7,0.03,30000,0,0,0,0,0,0,100,100,19,0,0,0,0,0,0,0,59767459,0,59416491,0,350818,0,0,0,0,0,0,0,0,0,19,0,0,0,0,0,0,0,0,0,0,246.090534833
0.0006,0.7,0.03,60000,0,0,0,0,0,0,100,100,19,0,0,0,0,0,0,0,59767459,0,59416491,0,350818,0,0,0,0,0,0,0,0,0,19,0,0,0,0,0,0,0,0,0,0,248.223832333
0.0006,0.7,0.03,120000,0,0,0,0,0,0,100,100,19,0,0,0,0,0,0,0,59767459,0,59416491,0,350818,0,0,0,0,0,0,0,0,0,19,0,0,0,0,0,0,0,0,0,0,240.079847875
0.0006,0.7,0.05,30000,0,0,0,0,0,0,100,100,19,0,0,0,0,0,0,0,59767459,0,59416491,0,350818,0,0,0,0,0,0,0,0,0,19,0,0,0,0,0,0,0,0,0,0,242.401990167
0.0006,0.7,0.05,60000,0,0,0,0,0,0,100,100,19,0,0,0,0,0,0,0,59767459,0,59416491,0,350818,0,0,0,0,0,0,0,0,0,19,0,0,0,0,0,0,0,0,0,0,245.27677375
0.0006,0.7,0.05,120000,0,0,0,0,0,0,100,100,19,0,0,0,0,0,0,0,59767459,0,59416491,0,350818,0,0,0,0,0,0,0,0,0,19,0,0,0,0,0,0,0,0,0,0,242.452992709
0.0006,0.7,0.075,30000,-12.218664328000017,0.42857142857142855,7,3,4,0.12218664328000017,100,87.78133567199998,19,0.4666666666666667,0,8,0,0,254.57142857142858,0.01524590163934426,59767459,0,59416491,0,350818,15,0,0,7,0,0,8,0,0,19,0,0,0,0,0,0,0,0.6286643279999999,-11.590000000000018,-12.218664328000017,244.9997105
0.0006,0.7,0.075,60000,-12.218664328000017,0.42857142857142855,7,3,4,0.12218664328000017,100,87.78133567199998,19,0.4666666666666667,0,8,0,0,254.57142857142858,0.01524590163934426,59767459,0,59416491,0,350818,15,0,0,7,0,0,8,0,0,19,0,0,0,0,0,0,0,0.6286643279999999,-11.590000000000018,-12.218664328000017,230.254665667
0.0006,0.7,0.075,120000,-12.218664328000017,0.42857142857142855,7,3,4,0.12218664328000017,100,87.78133567199998,19,0.4666666666666667,0,8,0,0,254.57142857142858,0.01524590163934426,59767459,0,59416491,0,350818,15,0,0,7,0,0,8,0,0,19,0,0,0,0,0,0,0,0.6286643279999999,-11.590000000000018,-12.218664328000017,234.081042
0.0006,0.7,0.1,30000,-2.1012014959999874,0.5555555555555556,9,5,4,0.11261664655999994,102.43375196800001,97.89879850400001,19,0.5,0,9,0,0,254.88888888888889,0.029607843137254897,59767459,0,59416491,0,350818,18,0,0,9,0,0,9,0,0,19,0,0,0,0,0,0,0,1.031201496,-1.0699999999999874,-2.1012014959999874,225.526818333
0.0006,0.7,0.1,60000,-2.1012014959999874,0.5555555555555556,9,5,4,0.11261664655999994,102.43375196800001,97.89879850400001,19,0.5,0,9,0,0,254.88888888888889,0.029607843137254897,59767459,0,59416491,0,350818,18,0,0,9,0,0,9,0,0,19,0,0,0,0,0,0,0,1.031201496,-1.0699999999999874,-2.1012014959999874,227.588631541
0.0006,0.7,0.1,120000,-2.1012014959999874,0.5555555555555556,9,5,4,0.11261664655999994,102.43375196800001,97.89879850400001,19,0.5,0,9,0,0,254.88888888888889,0.029607843137254897,59767459,0,59416491,0,350818,18,0,0,9,0,0,9,0,0,19,0,0,0,0,0,0,0,1.031201496,-1.0699999999999874,-2.1012014959999874,227.077117209
0.0006,0.7,0.125,30000,-4.66419916000001,0.5555555555555556,9,5,4,0.15133593368000006,101.63097207999998,95.33580083999999,19,0.5,0,9,0,0,254.88888888888889,0.026803278688524584,59767459,0,59416491,0,350818,18,0,0,9,0,0,9,0,0,19,0,0,0,0,0,0,0,1.23419916,-3.4300000000000095,-4.66419916000001,233.495398167
0.0006,0.7,0.125,60000,-4.66419916000001,0.5555555555555556,9,5,4,0.15133593368000006,101.63097207999998,95.33580083999999,19,0.5,0,9,0,0,254.88888888888889,0.026803278688524584,59767459,0,59416491,0,350818,18,0,0,9,0,0,9,0,0,19,0,0,0,0,0,0,0,1.23419916,-3.4300000000000095,-4.66419916000001,236.684821333
0.0006,0.7,0.125,120000,-4.66419916000001,0.5555555555555556,9,5,4,0.15133593368000006,101.63097207999998,95.33580083999999,19,0.5,0,9,0,0,254.88888888888889,0.026803278688524584,59767459,0,59416491,0,350818,18,0,0,9,0,0,9,0,0,19,0,0,0,0,0,0,0,1.23419916,-3.4300000000000095,-4.66419916000001,240.485093333
0.0008,0.5,0.03,30000,0,0,0,0,0,0,100,100,3,0,0,0,0,0,0,0,59767459,0,59416491,0,350818,0,0,0,0,0,0,0,0,0,3,0,0,0,0,0,0,0,0,0,0,240.539916583
0.0008,0.5,0.03,60000,0,0,0,0,0,0,100,100,3,0,0,0,0,0,0,0,59767459,0,59416491,0,350818,0,0,0,0,0,0,0,0,0,3,0,0,0,0,0,0,0,0,0,0,235.869692417
0.0008,0.5,0.03,120000,0,0,0,0,0,0,100,100,3,0,0,0,0,0,0,0,59767459,0,59416491,0,350818,0,0,0,0,0,0,0,0,0,3,0,0,0,0,0,0,0,0,0,0,239.481484834
0.0008,0.5,0.05,30000,0,0,0,0,0,0,100,100,3,0,0,0,0,0,0,0,59767459,0,59416491,0,350818,0,0,0,0,0,0,0,0,0,3,0,0,0,0,0,0,0,0,0,0,238.306488375
0.0008,0.5,0.05,60000,0,0,0,0,0,0,100,100,3,0,0,0,0,0,0,0,59767459,0,59416491,0,350818,0,0,0,0,0,0,0,0,0,3,0,0,0,0,0,0,0,0,0,0,240.446518667
0.0008,0.5,0.05,120000,0,0,0,0,0,0,100,100,3,0,0,0,0,0,0,0,59767459,0,59416491,0,350818,0,0,0,0,0,0,0,0,0,3,0,0,0,0,0,0,0,0,0,0,246.114004042
0.0008,0.5,0.075,30000,0,0,0,0,0,0,100,100,3,0,0,3,0,0,0,0,59767459,0,59416491,0,350818,3,0,0,0,0,0,3,0,0,3,0,0,0,0,0,0,0,0,0,0,248.127150666
0.0008,0.5,0.075,60000,0,0,0,0,0,0,100,100,3,0,0,3,0,0,0,0,59767459,0,59416491,0,350818,3,0,0,0,0,0,3,0,0,3,0,0,0,0,0,0,0,0,0,0,240.181942917
0.0008,0.5,0.075,120000,0,0,0,0,0,0,100,100,3,0,0,3,0,0,0,0,59767459,0,59416491,0,350818,3,0,0,0,0,0,3,0,0,3,0,0,0,0,0,0,0,0,0,0,242.247890875
0.0008,0.5,0.1,30000,0,0,0,0,0,0,100,100,3,0,0,3,0,0,0,0,59767459,0,59416491,0,350818,3,0,0,0,0,0,3,0,0,3,0,0,0,0,0,0,0,0,0,0,247.044278125
0.0008,0.5,0.1,60000,0,0,0,0,0,0,100,100,3,0,0,3,0,0,0,0,59767459,0,59416491,0,350818,3,0,0,0,0,0,3,0,0,3,0,0,0,0,0,0,0,0,0,0,241.813134834
0.0008,0.5,0.1,120000,0,0,0,0,0,0,100,100,3,0,0,3,0,0,0,0,59767459,0,59416491,0,350818,3,0,0,0,0,0,3,0,0,3,0,0,0,0,0,0,0,0,0,0,244.834148542
0.0008,0.5,0.125,30000,0,0,0,0,0,0,100,100,3,0,0,3,0,0,0,0,59767459,0,59416491,0,350818,3,0,0,0,0,0,3,0,0,3,0,0,0,0,0,0,0,0,0,0,230.667963333
0.0008,0.5,0.125,60000,0,0,0,0,0,0,100,100,3,0,0,3,0,0,0,0,59767459,0,59416491,0,350818,3,0,0,0,0,0,3,0,0,3,0,0,0,0,0,0,0,0,0,0,233.068307375
0.0008,0.5,0.125,120000,0,0,0,0,0,0,100,100,3,0,0,3,0,0,0,0,59767459,0,59416491,0,350818,3,0,0,0,0,0,3,0,0,3,0,0,0,0,0,0,0,0,0,0,226.53215025
0.0008,0.55,0.03,30000,0,0,0,0,0,0,100,100,4,0,0,0,0,0,0,0,59767459,0,59416491,0,350818,0,0,0,0,0,0,0,0,0,4,0,0,0,0,0,0,0,0,0,0,227.818141166
0.0008,0.55,0.03,60000,0,0,0,0,0,0,100,100,4,0,0,0,0,0,0,0,59767459,0,59416491,0,350818,0,0,0,0,0,0,0,0,0,4,0,0,0,0,0,0,0,0,0,0,226.445046667
0.0008,0.55,0.03,120000,0,0,0,0,0,0,100,100,4,0,0,0,0,0,0,0,59767459,0,59416491,0,350818,0,0,0,0,0,0,0,0,0,4,0,0,0,0,0,0,0,0,0,0,232.661728291
0.0008,0.55,0.05,30000,0,0,0,0,0,0,100,100,4,0,0,0,0,0,0,0,59767459,0,59416491,0,350818,0,0,0,0,0,0,0,0,0,4,0,0,0,0,0,0,0,0,0,0,236.742034458
0.0008,0.55,0.05,60000,0,0,0,0,0,0,100,100,4,0,0,0,0,0,0,0,59767459,0,59416491,0,350818,0,0,0,0,0,0,0,0,0,4,0,0,0,0,0,0,0,0,0,0,240.517504708
0.0008,0.55,0.05,120000,0,0,0,0,0,0,100,100,4,0,0,0,0,0,0,0,59767459,0,59416491,0,350818,0,0,0,0,0,0,0,0,0,4,0,0,0,0,0,0,0,0,0,0,237.667278875
0.0008,0.55,0.075,30000,13.12470773599999,1,2,2,0,0,113.12470773599999,113.12470773599999,4,0.5,0,2,0,0,257.5,0,59767459,0,59416491,0,350818,4,0,0,2,0,0,2,0,0,4,0,0,0,0,0,0,0,0.24529226399999998,13.36999999999999,13.12470773599999,236.768944458
0.0008,0.55,0.075,60000,13.12470773599999,1,2,2,0,0,113.12470773599999,113.12470773599999,4,0.5,0,2,0,0,257.5,0,59767459,0,59416491,0,350818,4,0,0,2,0,0,2,0,0,4,0,0,0,0,0,0,0,0.24529226399999998,13.36999999999999,13.12470773599999,238.122387708
0.0008,0.55,0.075,120000,13.12470773599999,1,2,2,0,0,113.12470773599999,113.12470773599999,4,0.5,0,2,0,0,257.5,0,59767459,0,59416491,0,350818,4,0,0,2,0,0,2,0,0,4,0,0,0,0,0,0,0,0.24529226399999998,13.36999999999999,13.12470773599999,235.885916833
0.0008,0.55,0.1,30000,17.983826096,1,2,2,0,0,117.983826096,117.983826096,4,0.5,0,2,0,0,257.5,0,59767459,0,59416491,0,350818,4,0,0,2,0,0,2,0,0,4,0,0,0,0,0,0,0,0.33617390399999997,18.32,17.983826096,223.447654125
0.0008,0.55,0.1,60000,17.983826096,1,2,2,0,0,117.983826096,117.983826096,4,0.5,0,2,0,0,257.5,0,59767459,0,59416491,0,350818,4,0,0,2,0,0,2,0,0,4,0,0,0,0,0,0,0,0.33617390399999997,18.32,17.983826096,228.785965917
0.0008,0.55,0.1,120000,17.983826096,1,2,2,0,0,117.983826096,117.983826096,4,0.5,0,2,0,0,257.5,0,59767459,0,59416491,0,350818,4,0,0,2,0,0,2,0,0,4,0,0,0,0,0,0,0,0.33617390399999997,18.32,17.983826096,229.370121459
0.0008,0.55,0.125,30000,22.853120783999998,1,2,2,0,0,122.853120784,122.853120784,4,0.5,0,2,0,0,257.5,0,59767459,0,59416491,0,350818,4,0,0,2,0,0,2,0,0,4,0,0,0,0,0,0,0,0.426879216,23.279999999999998,22.853120783999998,240.641979625
0.0008,0.55,0.125,60000,22.853120783999998,1,2,2,0,0,122.853120784,122.853120784,4,0.5,0,2,0,0,257.5,0,59767459,0,59416491,0,350818,4,0,0,2,0,0,2,0,0,4,0,0,0,0,0,0,0,0.426879216,23.279999999999998,22.853120783999998,237.5654265
0.0008,0.55,0.125,120000,22.853120783999998,1,2,2,0,0,122.853120784,122.853120784,4,0.5,0,2,0,0,257.5,0,59767459,0,59416491,0,350818,4,0,0,2,0,0,2,0,0,4,0,0,0,0,0,0,0,0.426879216,23.279999999999998,22.853120783999998,236.302688459
0.0008,0.6,0.03,30000,0,0,0,0,0,0,100,100,5,0,0,0,0,0,0,0,59767459,0,59416491,0,350818,0,0,0,0,0,0,0,0,0,5,0,0,0,0,0,0,0,0,0,0,223.502055167
0.0008,0.6,0.03,60000,0,0,0,0,0,0,100,100,5,0,0,0,0,0,0,0,59767459,0,59416491,0,350818,0,0,0,0,0,0,0,0,0,5,0,0,0,0,0,0,0,0,0,0,228.688174208
0.0008,0.6,0.03,120000,0,0,0,0,0,0,100,100,5,0,0,0,0,0,0,0,59767459,0,59416491,0,350818,0,0,0,0,0,0,0,0,0,5,0,0,0,0,0,0,0,0,0,0,222.952490292
0.0008,0.6,0.05,30000,0,0,0,0,0,0,100,100,5,0,0,0,0,0,0,0,59767459,0,59416491,0,350818,0,0,0,0,0,0,0,0,0,5,0,0,0,0,0,0,0,0,0,0,228.778376041
0.0008,0.6,0.05,60000,0,0,0,0,0,0,100,100,5,0,0,0,0,0,0,0,59767459,0,59416491,0,350818,0,0,0,0,0,0,0,0,0,5,0,0,0,0,0,0,0,0,0,0,229.103057334
0.0008,0.6,0.05,120000,0,0,0,0,0,0,100,100,5,0,0,0,0,0,0,0,59767459,0,59416491,0,350818,0,0,0,0,0,0,0,0,0,5,0,0,0,0,0,0,0,0,0,0,223.217349666
0.0008,0.6,0.075,30000,17.30929173599999,1,3,3,0,0,117.30929173599999,117.30929173599999,5,0.6,0,2,0,0,255.33333333333334,0.04736842105263157,59767459,0,59416491,0,350818,5,0,0,3,0,0,2,0,0,5,0,0,0,0,0,0,0,0.36070826399999995,17.66999999999999,17.30929173599999,227.66992
0.0008,0.6,0.075,60000,17.30929173599999,1,3,3,0,0,117.30929173599999,117.30929173599999,5,0.6,0,2,0,0,255.33333333333334,0.04736842105263157,59767459,0,59416491,0,350818,5,0,0,3,0,0,2,0,0,5,0,0,0,0,0,0,0,0.36070826399999995,17.66999999999999,17.30929173599999,240.480564542
0.0008,0.6,0.075,120000,17.30929173599999,1,3,3,0,0,117.30929173599999,117.30929173599999,5,0.6,0,2,0,0,255.33333333333334,0.04736842105263157,59767459,0,59416491,0,350818,5,0,0,3,0,0,2,0,0,5,0,0,0,0,0,0,0,0.36070826399999995,17.66999999999999,17.30929173599999,235.862754417
0.0008,0.6,0.1,30000,21.68758642399999,1,3,3,0,0,121.68758642399999,121.68758642399999,5,0.6,0,2,0,0,255.33333333333334,0.038297872340425525,59767459,0,59416491,0,350818,5,0,0,3,0,0,2,0,0,5,0,0,0,0,0,0,0,0.4424135759999999,22.12999999999999,21.68758642399999,239.470592625
0.0008,0.6,0.1,60000,21.68758642399999,1,3,3,0,0,121.68758642399999,121.68758642399999,5,0.6,0,2,0,0,255.33333333333334,0.038297872340425525,59767459,0,59416491,0,350818,5,0,0,3,0,0,2,0,0,5,0,0,0,0,0,0,0,0.4424135759999999,22.12999999999999,21.68758642399999,238.314250208
0.0008,0.6,0.1,120000,21.68758642399999,1,3,3,0,0,121.68758642399999,121.68758642399999,5,0.6,0,2,0,0,255.33333333333334,0.038297872340425525,59767459,0,59416491,0,350818,5,0,0,3,0,0,2,0,0,5,0,0,0,0,0,0,0,0.4424135759999999,22.12999999999999,21.68758642399999,240.457001167
0.0008,0.6,0.125,30000,26.065881112,1,3,3,0,0,126.065881112,126.065881112,5,0.6,0,2,0,0,255.33333333333334,0.03214285714285713,59767459,0,59416491,0,350818,5,0,0,3,0,0,2,0,0,5,0,0,0,0,0,0,0,0.524118888,26.59,26.065881112,246.128083916
0.0008,0.6,0.125,60000,26.065881112,1,3,3,0,0,126.065881112,126.065881112,5,0.6,0,2,0,0,255.33333333333334,0.03214285714285713,59767459,0,59416491,0,350818,5,0,0,3,0,0,2,0,0,5,0,0,0,0,0,0,0,0.524118888,26.59,26.065881112,247.924689292
0.0008,0.6,0.125,120000,26.065881112,1,3,3,0,0,126.065881112,126.065881112,5,0.6,0,2,0,0,255.33333333333334,0.03214285714285713,59767459,0,59416491,0,350818,5,0,0,3,0,0,2,0,0,5,0,0,0,0,0,0,0,0.524118888,26.59,26.065881112,240.334278708
0.0008,0.65,0.03,30000,0,0,0,0,0,0,100,100,6,0,0,0,0,0,0,0,59767459,0,59416491,0,350818,0,0,0,0,0,0,0,0,0,6,0,0,0,0,0,0,0,0,0,0,242.231207125
0.0008,0.65,0.03,60000,0,0,0,0,0,0,100,100,6,0,0,0,0,0,0,0,59767459,0,59416491,0,350818,0,0,0,0,0,0,0,0,0,6,0,0,0,0,0,0,0,0,0,0,245.539326291
0.0008,0.65,0.03,120000,0,0,0,0,0,0,100,100,6,0,0,0,0,0,0,0,59767459,0,59416491,0,350818,0,0,0,0,0,0,0,0,0,6,0,0,0,0,0,0,0,0,0,0,242.449760417
0.0008,0.65,0.05,30000,0,0,0,0,0,0,100,100,6,0,0,0,0,0,0,0,59767459,0,59416491,0,350818,0,0,0,0,0,0,0,0,0,6,0,0,0,0,0,0,0,0,0,0,244.9878745
0.0008,0.65,0.05,60000,0,0,0,0,0,0,100,100,6,0,0,0,0,0,0,0,59767459,0,59416491,0,350818,0,0,0,0,0,0,0,0,0,6,0,0,0,0,0,0,0,0,0,0,230.177144125
0.0008,0.65,0.05,120000,0,0,0,0,0,0,100,100,6,0,0,0,0,0,0,0,59767459,0,59416491,0,350818,0,0,0,0,0,0,0,0,0,6,0,0,0,0,0,0,0,0,0,0,233.999324125
0.0008,0.65,0.075,30000,11.181060391999992,1,2,2,0,0,111.18106039199999,111.18106039199999,6,0.4,0,3,0,0,257.5,0,59767459,0,59416491,0,350818,5,0,0,2,0,0,3,0,0,6,0,0,0,0,0,0,0,0.208939608,11.389999999999992,11.181060391999992,225.070236291
0.0008,0.65,0.075,60000,11.181060391999992,1,2,2,0,0,111.18106039199999,111.18106039199999,6,0.4,0,3,0,0,257.5,0,59767459,0,59416491,0,350818,5,0,0,2,0,0,3,0,0,6,0,0,0,0,0,0,0,0.208939608,11.389999999999992,11.181060391999992,227.780210584
0.0008,0.65,0.075,120000,11.181060391999992,1,2,2,0,0,111.18106039199999,111.18106039199999,6,0.4,0,3,0,0,257.5,0,59767459,0,59416491,0,350818,5,0,0,2,0,0,3,0,0,6,0,0,0,0,0,0,0,0.208939608,11.389999999999992,11.181060391999992,227.439119042
0.0008,0.65,0.1,30000,20.71576275199999,1,3,3,0,0,120.71576275199999,120.71576275199999,6,0.5,0,3,0,0,255.33333333333334,0.039999999999999994,59767459,0,59416491,0,350818,6,0,0,3,0,0,3,0,0,6,0,0,0,0,0,0,0,0.42423724799999996,21.13999999999999,20.71576275199999,233.181547625
0.0008,0.65,0.1,60000,20.71576275199999,1,3,3,0,0,120.71576275199999,120.71576275199999,6,0.5,0,3,0,0,255.33333333333334,0.039999999999999994,59767459,0,59416491,0,350818,6,0,0,3,0,0,3,0,0,6,0,0,0,0,0,0,0,0.42423724799999996,21.13999999999999,20.71576275199999,236.945813833
0.0008,0.65,0.1,120000,20.71576275199999,1,3,3,0,0,120.71576275199999,120.71576275199999,6,0.5,0,3,0,0,255.33333333333334,0.039999999999999994,59767459,0,59416491,0,350818,6,0,0,3,0,0,3,0,0,6,0,0,0,0,0,0,0,0.42423724799999996,21.13999999999999,20.71576275199999,240.410392625
0.0008,0.65,0.125,30000,24.603057440000015,1,3,3,0,0,124.60305744000001,124.60305744000001,6,0.5,0,3,0,0,255.33333333333334,0.03396226415094339,59767459,0,59416491,0,350818,6,0,0,3,0,0,3,0,0,6,0,0,0,0,0,0,0,0.4969425599999999,25.100000000000016,24.603057440000015,237.8411045
0.0008,0.65,0.125,60000,24.603057440000015,1,3,3,0,0,124.60305744000001,124.60305744000001,6,0.5,0,3,0,0,255.33333333333334,0.03396226415094339,59767459,0,59416491,0,350818,6,0,0,3,0,0,3,0,0,6,0,0,0,0,0,0,0,0.4969425599999999,25.100000000000016,24.603057440000015,236.343851833
0.0008,0.65,0.125,120000,24.603057440000015,1,3,3,0,0,124.60305744000001,124.60305744000001,6,0.5,0,3,0,0,255.33333333333334,0.03396226415094339,59767459,0,59416491,0,350818,6,0,0,3,0,0,3,0,0,6,0,0,0,0,0,0,0,0.4969425599999999,25.100000000000016,24.603057440000015,223.4295805
0.0008,0.7,0.03,30000,0,0,0,0,0,0,100,100,9,0,0,0,0,0,0,0,59767459,0,59416491,0,350818,0,0,0,0,0,0,0,0,0,9,0,0,0,0,0,0,0,0,0,0,228.779151166
0.0008,0.7,0.03,60000,0,0,0,0,0,0,100,100,9,0,0,0,0,0,0,0,59767459,0,59416491,0,350818,0,0,0,0,0,0,0,0,0,9,0,0,0,0,0,0,0,0,0,0,229.163123833
0.0008,0.7,0.03,120000,0,0,0,0,0,0,100,100,9,0,0,0,0,0,0,0,59767459,0,59416491,0,350818,0,0,0,0,0,0,0,0,0,9,0,0,0,0,0,0,0,0,0,0,229.070445625
0.0008,0.7,0.05,30000,0,0,0,0,0,0,100,100,9,0,0,0,0,0,0,0,59767459,0,59416491,0,350818,0,0,0,0,0,0,0,0,0,9,0,0,0,0,0,0,0,0,0,0,223.070699958
0.0008,0.7,0.05,60000,0,0,0,0,0,0,100,100,9,0,0,0,0,0,0,0,59767459,0,59416491,0,350818,0,0,0,0,0,0,0,0,0,9,0,0,0,0,0,0,0,0,0,0,227.064668459
0.0008,0.7,0.05,120000,0,0,0,0,0,0,100,100,9,0,0,0,0,0,0,0,59767459,0,59416491,0,350818,0,0,0,0,0,0,0,0,0,9,0,0,0,0,0,0,0,0,0,0,238.105519709
0.0008,0.7,0.075,30000,16.037270175999993,1,4,4,0,0,116.03727017599999,116.03727017599999,9,0.5,0,4,0,0,259,0.0025641025641025663,59767459,0,59416491,0,350818,8,0,0,4,0,0,4,0,0,9,0,0,0,0,0,0,0,0.382729824,16.41999999999999,16.037270175999993,235.617851417
0.0008,0.7,0.075,60000,16.037270175999993,1,4,4,0,0,116.03727017599999,116.03727017599999,9,0.5,0,4,0,0,259,0.0025641025641025663,59767459,0,59416491,0,350818,8,0,0,4,0,0,4,0,0,9,0,0,0,0,0,0,0,0.382729824,16.41999999999999,16.037270175999993,223.268614083
0.0008,0.7,0.075,120000,16.037270175999993,1,4,4,0,0,116.03727017599999,116.03727017599999,9,0.5,0,4,0,0,259,0.0025641025641025663,59767459,0,59416491,0,350818,8,0,0,4,0,0,4,0,0,9,0,0,0,0,0,0,0,0.382729824,16.41999999999999,16.037270175999993,228.754380584
0.0008,0.7,0.1,30000,27.16864321599998,1,5,5,0,0,127.16864321599998,127.16864321599998,9,0.5555555555555556,0,4,0,0,257.4,0.02954545454545454,59767459,0,59416491,0,350818,9,0,0,5,0,0,4,0,0,9,0,0,0,0,0,0,0,0.6513567839999999,27.81999999999998,27.16864321599998,228.9690035
0.0008,0.7,0.1,60000,27.16864321599998,1,5,5,0,0,127.16864321599998,127.16864321599998,9,0.5555555555555556,0,4,0,0,257.4,0.02954545454545454,59767459,0,59416491,0,350818,9,0,0,5,0,0,4,0,0,9,0,0,0,0,0,0,0,0.6513567839999999,27.81999999999998,27.16864321599998,223.046721209
0.0008,0.7,0.1,120000,27.16864321599998,1,5,5,0,0,127.16864321599998,127.16864321599998,9,0.5555555555555556,0,4,0,0,257.4,0.02954545454545454,59767459,0,59416491,0,350818,9,0,0,5,0,0,4,0,0,9,0,0,0,0,0,0,0,0.6513567839999999,27.81999999999998,27.16864321599998,227.606620833
0.0008,0.7,0.125,30000,32.333274448,1,5,5,0,0,132.333274448,132.333274448,9,0.5555555555555556,0,4,0,0,257.4,0.02551282051282051,59767459,0,59416491,0,350818,9,0,0,5,0,0,4,0,0,9,0,0,0,0,0,0,0,0.7667255519999998,33.099999999999994,32.333274448,227.130223292
0.0008,0.7,0.125,60000,32.333274448,1,5,5,0,0,132.333274448,132.333274448,9,0.5555555555555556,0,4,0,0,257.4,0.02551282051282051,59767459,0,59416491,0,350818,9,0,0,5,0,0,4,0,0,9,0,0,0,0,0,0,0,0.7667255519999998,33.099999999999994,32.333274448,220.705834709
0.0008,0.7,0.125,120000,32.333274448,1,5,5,0,0,132.333274448,132.333274448,9,0.5555555555555556,0,4,0,0,257.4,0.02551282051282051,59767459,0,59416491,0,350818,9,0,0,5,0,0,4,0,0,9,0,0,0,0,0,0,0,0.7667255519999998,33.099999999999994,32.333274448,220.68330245800001
0.001,0.5,0.03,30000,0,0,0,0,0,0,100,100,0,0,0,0,0,0,0,0,59767459,0,59416491,0,350818,0,0,0,0,0,0,0,0,0,0,0,0,0,0,0,0,0,0,0,0,272.311608041
0.001,0.5,0.03,60000,0,0,0,0,0,0,100,100,0,0,0,0,0,0,0,0,59767459,0,59416491,0,350818,0,0,0,0,0,0,0,0,0,0,0,0,0,0,0,0,0,0,0,0,250.144628916
0.001,0.5,0.03,120000,0,0,0,0,0,0,100,100,0,0,0,0,0,0,0,0,59767459,0,59416491,0,350818,0,0,0,0,0,0,0,0,0,0,0,0,0,0,0,0,0,0,0,0,230.833918542
0.001,0.5,0.05,30000,0,0,0,0,0,0,100,100,0,0,0,0,0,0,0,0,59767459,0,59416491,0,350818,0,0,0,0,0,0,0,0,0,0,0,0,0,0,0,0,0,0,0,0,239.856629333
0.001,0.5,0.05,60000,0,0,0,0,0,0,100,100,0,0,0,0,0,0,0,0,59767459,0,59416491,0,350818,0,0,0,0,0,0,0,0,0,0,0,0,0,0,0,0,0,0,0,0,237.822083125
0.001,0.5,0.05,120000,0,0,0,0,0,0,100,100,0,0,0,0,0,0,0,0,59767459,0,59416491,0,350818,0,0,0,0,0,0,0,0,0,0,0,0,0,0,0,0,0,0,0,0,235.161789958
0.001,0.5,0.075,30000,0,0,0,0,0,0,100,100,0,0,0,0,0,0,0,0,59767459,0,59416491,0,350818,0,0,0,0,0,0,0,0,0,0,0,0,0,0,0,0,0,0,0,0,237.42052225
0.001,0.5,0.075,60000,0,0,0,0,0,0,100,100,0,0,0,0,0,0,0,0,59767459,0,59416491,0,350818,0,0,0,0,0,0,0,0,0,0,0,0,0,0,0,0,0,0,0,0,230.151254791
0.001,0.5,0.075,120000,0,0,0,0,0,0,100,100,0,0,0,0,0,0,0,0,59767459,0,59416491,0,350818,0,0,0,0,0,0,0,0,0,0,0,0,0,0,0,0,0,0,0,0,250.451724167
0.001,0.5,0.1,30000,0,0,0,0,0,0,100,100,0,0,0,0,0,0,0,0,59767459,0,59416491,0,350818,0,0,0,0,0,0,0,0,0,0,0,0,0,0,0,0,0,0,0,0,294.524501333
0.001,0.5,0.1,60000,0,0,0,0,0,0,100,100,0,0,0,0,0,0,0,0,59767459,0,59416491,0,350818,0,0,0,0,0,0,0,0,0,0,0,0,0,0,0,0,0,0,0,0,239.386081875
0.001,0.5,0.1,120000,0,0,0,0,0,0,100,100,0,0,0,0,0,0,0,0,59767459,0,59416491,0,350818,0,0,0,0,0,0,0,0,0,0,0,0,0,0,0,0,0,0,0,0,245.658360833
0.001,0.5,0.125,30000,0,0,0,0,0,0,100,100,0,0,0,0,0,0,0,0,59767459,0,59416491,0,350818,0,0,0,0,0,0,0,0,0,0,0,0,0,0,0,0,0,0,0,0,235.982189083
0.001,0.5,0.125,60000,0,0,0,0,0,0,100,100,0,0,0,0,0,0,0,0,59767459,0,59416491,0,350818,0,0,0,0,0,0,0,0,0,0,0,0,0,0,0,0,0,0,0,0,242.877188834
0.001,0.5,0.125,120000,0,0,0,0,0,0,100,100,0,0,0,0,0,0,0,0,59767459,0,59416491,0,350818,0,0,0,0,0,0,0,0,0,0,0,0,0,0,0,0,0,0,0,0,237.796755459
0.001,0.55,0.03,30000,0,0,0,0,0,0,100,100,2,0,0,0,0,0,0,0,59767459,0,59416491,0,350818,0,0,0,0,0,0,0,0,0,2,0,0,0,0,0,0,0,0,0,0,239.103588833
0.001,0.55,0.03,60000,0,0,0,0,0,0,100,100,2,0,0,0,0,0,0,0,59767459,0,59416491,0,350818,0,0,0,0,0,0,0,0,0,2,0,0,0,0,0,0,0,0,0,0,233.115974125
0.001,0.55,0.03,120000,0,0,0,0,0,0,100,100,2,0,0,0,0,0,0,0,59767459,0,59416491,0,350818,0,0,0,0,0,0,0,0,0,2,0,0,0,0,0,0,0,0,0,0,269.978741416
0.001,0.55,0.05,30000,0,0,0,0,0,0,100,100,2,0,0,0,0,0,0,0,59767459,0,59416491,0,350818,0,0,0,0,0,0,0,0,0,2,0,0,0,0,0,0,0,0,0,0,231.804348125
0.001,0.55,0.05,60000,0,0,0,0,0,0,100,100,2,0,0,0,0,0,0,0,59767459,0,59416491,0,350818,0,0,0,0,0,0,0,0,0,2,0,0,0,0,0,0,0,0,0,0,231.2627855
0.001,0.55,0.05,120000,0,0,0,0,0,0,100,100,2,0,0,0,0,0,0,0,59767459,0,59416491,0,350818,0,0,0,0,0,0,0,0,0,2,0,0,0,0,0,0,0,0,0,0,235.93678175
0.001,0.55,0.075,30000,0,0,0,0,0,0,100,100,2,0,0,2,0,0,0,0,59767459,0,59416491,0,350818,2,0,0,0,0,0,2,0,0,2,0,0,0,0,0,0,0,0,0,0,244.099857459
0.001,0.55,0.075,60000,0,0,0,0,0,0,100,100,2,0,0,2,0,0,0,0,59767459,0,59416491,0,350818,2,0,0,0,0,0,2,0,0,2,0,0,0,0,0,0,0,0,0,0,230.038533417
0.001,0.55,0.075,120000,0,0,0,0,0,0,100,100,2,0,0,2,0,0,0,0,59767459,0,59416491,0,350818,2,0,0,0,0,0,2,0,0,2,0,0,0,0,0,0,0,0,0,0,240.970554
0.001,0.55,0.1,30000,0,0,0,0,0,0,100,100,2,0,0,2,0,0,0,0,59767459,0,59416491,0,350818,2,0,0,0,0,0,2,0,0,2,0,0,0,0,0,0,0,0,0,0,231.915966333
0.001,0.55,0.1,60000,0,0,0,0,0,0,100,100,2,0,0,2,0,0,0,0,59767459,0,59416491,0,350818,2,0,0,0,0,0,2,0,0,2,0,0,0,0,0,0,0,0,0,0,242.696879833
0.001,0.55,0.1,120000,0,0,0,0,0,0,100,100,2,0,0,2,0,0,0,0,59767459,0,59416491,0,350818,2,0,0,0,0,0,2,0,0,2,0,0,0,0,0,0,0,0,0,0,237.942449667
0.001,0.55,0.125,30000,0,0,0,0,0,0,100,100,2,0,0,2,0,0,0,0,59767459,0,59416491,0,350818,2,0,0,0,0,0,2,0,0,2,0,0,0,0,0,0,0,0,0,0,236.505397959
0.001,0.55,0.125,60000,0,0,0,0,0,0,100,100,2,0,0,2,0,0,0,0,59767459,0,59416491,0,350818,2,0,0,0,0,0,2,0,0,2,0,0,0,0,0,0,0,0,0,0,239.274892167
0.001,0.55,0.125,120000,0,0,0,0,0,0,100,100,2,0,0,2,0,0,0,0,59767459,0,59416491,0,350818,2,0,0,0,0,0,2,0,0,2,0,0,0,0,0,0,0,0,0,0,233.504563791
0.001,0.6,0.03,30000,0,0,0,0,0,0,100,100,3,0,0,0,0,0,0,0,59767459,0,59416491,0,350818,0,0,0,0,0,0,0,0,0,3,0,0,0,0,0,0,0,0,0,0,244.920921625
0.001,0.6,0.03,60000,0,0,0,0,0,0,100,100,3,0,0,0,0,0,0,0,59767459,0,59416491,0,350818,0,0,0,0,0,0,0,0,0,3,0,0,0,0,0,0,0,0,0,0,237.551894292
0.001,0.6,0.03,120000,0,0,0,0,0,0,100,100,3,0,0,0,0,0,0,0,59767459,0,59416491,0,350818,0,0,0,0,0,0,0,0,0,3,0,0,0,0,0,0,0,0,0,0,230.315390208
0.001,0.6,0.05,30000,0,0,0,0,0,0,100,100,3,0,0,0,0,0,0,0,59767459,0,59416491,0,350818,0,0,0,0,0,0,0,0,0,3,0,0,0,0,0,0,0,0,0,0,279.953955375
0.001,0.6,0.05,60000,0,0,0,0,0,0,100,100,3,0,0,0,0,0,0,0,59767459,0,59416491,0,350818,0,0,0,0,0,0,0,0,0,3,0,0,0,0,0,0,0,0,0,0,243.4467745
0.001,0.6,0.05,120000,0,0,0,0,0,0,100,100,3,0,0,0,0,0,0,0,59767459,0,59416491,0,350818,0,0,0,0,0,0,0,0,0,3,0,0,0,0,0,0,0,0,0,0,242.584116167
0.001,0.6,0.075,30000,0,0,0,0,0,0,100,100,3,0,0,3,0,0,0,0,59767459,0,59416491,0,350818,3,0,0,0,0,0,3,0,0,3,0,0,0,0,0,0,0,0,0,0,244.613415541
0.001,0.6,0.075,60000,0,0,0,0,0,0,100,100,3,0,0,3,0,0,0,0,59767459,0,59416491,0,350818,3,0,0,0,0,0,3,0,0,3,0,0,0,0,0,0,0,0,0,0,273.117727041
0.001,0.6,0.075,120000,0,0,0,0,0,0,100,100,3,0,0,3,0,0,0,0,59767459,0,59416491,0,350818,3,0,0,0,0,0,3,0,0,3,0,0,0,0,0,0,0,0,0,0,248.711842125
0.001,0.6,0.1,30000,0,0,0,0,0,0,100,100,3,0,0,3,0,0,0,0,59767459,0,59416491,0,350818,3,0,0,0,0,0,3,0,0,3,0,0,0,0,0,0,0,0,0,0,230.9491765
0.001,0.6,0.1,60000,0,0,0,0,0,0,100,100,3,0,0,3,0,0,0,0,59767459,0,59416491,0,350818,3,0,0,0,0,0,3,0,0,3,0,0,0,0,0,0,0,0,0,0,238.64212725
0.001,0.6,0.1,120000,0,0,0,0,0,0,100,100,3,0,0,3,0,0,0,0,59767459,0,59416491,0,350818,3,0,0,0,0,0,3,0,0,3,0,0,0,0,0,0,0,0,0,0,236.980978125
0.001,0.6,0.125,30000,0,0,0,0,0,0,100,100,3,0,0,3,0,0,0,0,59767459,0,59416491,0,350818,3,0,0,0,0,0,3,0,0,3,0,0,0,0,0,0,0,0,0,0,233.992881792
0.001,0.6,0.125,60000,0,0,0,0,0,0,100,100,3,0,0,3,0,0,0,0,59767459,0,59416491,0,350818,3,0,0,0,0,0,3,0,0,3,0,0,0,0,0,0,0,0,0,0,237.407584625
0.001,0.6,0.125,120000,0,0,0,0,0,0,100,100,3,0,0,3,0,0,0,0,59767459,0,59416491,0,350818,3,0,0,0,0,0,3,0,0,3,0,0,0,0,0,0,0,0,0,0,230.537739
0.001,0.65,0.03,30000,0,0,0,0,0,0,100,100,3,0,0,0,0,0,0,0,59767459,0,59416491,0,350818,0,0,0,0,0,0,0,0,0,3,0,0,0,0,0,0,0,0,0,0,252.327741459
0.001,0.65,0.03,60000,0,0,0,0,0,0,100,100,3,0,0,0,0,0,0,0,59767459,0,59416491,0,350818,0,0,0,0,0,0,0,0,0,3,0,0,0,0,0,0,0,0,0,0,296.0060035
0.001,0.65,0.03,120000,0,0,0,0,0,0,100,100,3,0,0,0,0,0,0,0,59767459,0,59416491,0,350818,0,0,0,0,0,0,0,0,0,3,0,0,0,0,0,0,0,0,0,0,239.387023209
0.001,0.65,0.05,30000,0,0,0,0,0,0,100,100,3,0,0,0,0,0,0,0,59767459,0,59416491,0,350818,0,0,0,0,0,0,0,0,0,3,0,0,0,0,0,0,0,0,0,0,245.64414975
0.001,0.65,0.05,60000,0,0,0,0,0,0,100,100,3,0,0,0,0,0,0,0,59767459,0,59416491,0,350818,0,0,0,0,0,0,0,0,0,3,0,0,0,0,0,0,0,0,0,0,236.050433042
0.001,0.65,0.05,120000,0,0,0,0,0,0,100,100,3,0,0,0,0,0,0,0,59767459,0,59416491,0,350818,0,0,0,0,0,0,0,0,0,3,0,0,0,0,0,0,0,0,0,0,242.795924041
0.001,0.65,0.075,30000,0,0,0,0,0,0,100,100,3,0,0,3,0,0,0,0,59767459,0,59416491,0,350818,3,0,0,0,0,0,3,0,0,3,0,0,0,0,0,0,0,0,0,0,237.81796675
0.001,0.65,0.075,60000,0,0,0,0,0,0,100,100,3,0,0,3,0,0,0,0,59767459,0,59416491,0,350818,3,0,0,0,0,0,3,0,0,3,0,0,0,0,0,0,0,0,0,0,239.091737375
0.001,0.65,0.075,120000,0,0,0,0,0,0,100,100,3,0,0,3,0,0,0,0,59767459,0,59416491,0,350818,3,0,0,0,0,0,3,0,0,3,0,0,0,0,0,0,0,0,0,0,233.317806458
0.001,0.65,0.1,30000,0,0,0,0,0,0,100,100,3,0,0,3,0,0,0,0,59767459,0,59416491,0,350818,3,0,0,0,0,0,3,0,0,3,0,0,0,0,0,0,0,0,0,0,269.856617667
0.001,0.65,0.1,60000,0,0,0,0,0,0,100,100,3,0,0,3,0,0,0,0,59767459,0,59416491,0,350818,3,0,0,0,0,0,3,0,0,3,0,0,0,0,0,0,0,0,0,0,232.888988917
0.001,0.65,0.1,120000,0,0,0,0,0,0,100,100,3,0,0,3,0,0,0,0,59767459,0,59416491,0,350818,3,0,0,0,0,0,3,0,0,3,0,0,0,0,0,0,0,0,0,0,229.891187291
0.001,0.65,0.125,30000,0,0,0,0,0,0,100,100,3,0,0,3,0,0,0,0,59767459,0,59416491,0,350818,3,0,0,0,0,0,3,0,0,3,0,0,0,0,0,0,0,0,0,0,236.113698292
0.001,0.65,0.125,60000,0,0,0,0,0,0,100,100,3,0,0,3,0,0,0,0,59767459,0,59416491,0,350818,3,0,0,0,0,0,3,0,0,3,0,0,0,0,0,0,0,0,0,0,244.096886875
0.001,0.65,0.125,120000,0,0,0,0,0,0,100,100,3,0,0,3,0,0,0,0,59767459,0,59416491,0,350818,3,0,0,0,0,0,3,0,0,3,0,0,0,0,0,0,0,0,0,0,230.949343167
0.001,0.7,0.03,30000,0,0,0,0,0,0,100,100,3,0,0,0,0,0,0,0,59767459,0,59416491,0,350818,0,0,0,0,0,0,0,0,0,3,0,0,0,0,0,0,0,0,0,0,241.576449584
0.001,0.7,0.03,60000,0,0,0,0,0,0,100,100,3,0,0,0,0,0,0,0,59767459,0,59416491,0,350818,0,0,0,0,0,0,0,0,0,3,0,0,0,0,0,0,0,0,0,0,232.006676083
0.001,0.7,0.03,120000,0,0,0,0,0,0,100,100,3,0,0,0,0,0,0,0,59767459,0,59416491,0,350818,0,0,0,0,0,0,0,0,0,3,0,0,0,0,0,0,0,0,0,0,244.285845541
0.001,0.7,0.05,30000,0,0,0,0,0,0,100,100,3,0,0,0,0,0,0,0,59767459,0,59416491,0,350818,0,0,0,0,0,0,0,0,0,3,0,0,0,0,0,0,0,0,0,0,235.407308666
0.001,0.7,0.05,60000,0,0,0,0,0,0,100,100,3,0,0,0,0,0,0,0,59767459,0,59416491,0,350818,0,0,0,0,0,0,0,0,0,3,0,0,0,0,0,0,0,0,0,0,236.163492459
0.001,0.7,0.05,120000,0,0,0,0,0,0,100,100,3,0,0,0,0,0,0,0,59767459,0,59416491,0,350818,0,0,0,0,0,0,0,0,0,3,0,0,0,0,0,0,0,0,0,0,240.760749667
0.001,0.7,0.075,30000,0,0,0,0,0,0,100,100,3,0,0,3,0,0,0,0,59767459,0,59416491,0,350818,3,0,0,0,0,0,3,0,0,3,0,0,0,0,0,0,0,0,0,0,232.131397208
0.001,0.7,0.075,60000,0,0,0,0,0,0,100,100,3,0,0,3,0,0,0,0,59767459,0,59416491,0,350818,3,0,0,0,0,0,3,0,0,3,0,0,0,0,0,0,0,0,0,0,245.136737542
0.001,0.7,0.075,120000,0,0,0,0,0,0,100,100,3,0,0,3,0,0,0,0,59767459,0,59416491,0,350818,3,0,0,0,0,0,3,0,0,3,0,0,0,0,0,0,0,0,0,0,237.000323
0.001,0.7,0.1,30000,0,0,0,0,0,0,100,100,3,0,0,3,0,0,0,0,59767459,0,59416491,0,350818,3,0,0,0,0,0,3,0,0,3,0,0,0,0,0,0,0,0,0,0,230.259414542
0.001,0.7,0.1,60000,0,0,0,0,0,0,100,100,3,0,0,3,0,0,0,0,59767459,0,59416491,0,350818,3,0,0,0,0,0,3,0,0,3,0,0,0,0,0,0,0,0,0,0,279.968628167
0.001,0.7,0.1,120000,0,0,0,0,0,0,100,100,3,0,0,3,0,0,0,0,59767459,0,59416491,0,350818,3,0,0,0,0,0,3,0,0,3,0,0,0,0,0,0,0,0,0,0,243.445348667
0.001,0.7,0.125,30000,0,0,0,0,0,0,100,100,3,0,0,3,0,0,0,0,59767459,0,59416491,0,350818,3,0,0,0,0,0,3,0,0,3,0,0,0,0,0,0,0,0,0,0,242.594886625
0.001,0.7,0.125,60000,0,0,0,0,0,0,100,100,3,0,0,3,0,0,0,0,59767459,0,59416491,0,350818,3,0,0,0,0,0,3,0,0,3,0,0,0,0,0,0,0,0,0,0,244.612246791
0.001,0.7,0.125,120000,0,0,0,0,0,0,100,100,3,0,0,3,0,0,0,0,59767459,0,59416491,0,350818,3,0,0,0,0,0,3,0,0,3,0,0,0,0,0,0,0,0,0,0,240.574308834
0.0012,0.5,0.03,30000,0,0,0,0,0,0,100,100,0,0,0,0,0,0,0,0,59767459,0,59416491,0,350818,0,0,0,0,0,0,0,0,0,0,0,0,0,0,0,0,0,0,0,0,272.748198458
0.0012,0.5,0.03,60000,0,0,0,0,0,0,100,100,0,0,0,0,0,0,0,0,59767459,0,59416491,0,350818,0,0,0,0,0,0,0,0,0,0,0,0,0,0,0,0,0,0,0,0,249.254504375
0.0012,0.5,0.03,120000,0,0,0,0,0,0,100,100,0,0,0,0,0,0,0,0,59767459,0,59416491,0,350818,0,0,0,0,0,0,0,0,0,0,0,0,0,0,0,0,0,0,0,0,230.779005334
0.0012,0.5,0.05,30000,0,0,0,0,0,0,100,100,0,0,0,0,0,0,0,0,59767459,0,59416491,0,350818,0,0,0,0,0,0,0,0,0,0,0,0,0,0,0,0,0,0,0,0,237.69037075
0.0012,0.5,0.05,60000,0,0,0,0,0,0,100,100,0,0,0,0,0,0,0,0,59767459,0,59416491,0,350818,0,0,0,0,0,0,0,0,0,0,0,0,0,0,0,0,0,0,0,0,238.654303292
0.0012,0.5,0.05,120000,0,0,0,0,0,0,100,100,0,0,0,0,0,0,0,0,59767459,0,59416491,0,350818,0,0,0,0,0,0,0,0,0,0,0,0,0,0,0,0,0,0,0,0,235.808865458
0.0012,0.5,0.075,30000,0,0,0,0,0,0,100,100,0,0,0,0,0,0,0,0,59767459,0,59416491,0,350818,0,0,0,0,0,0,0,0,0,0,0,0,0,0,0,0,0,0,0,0,239.367093083
0.0012,0.5,0.075,60000,0,0,0,0,0,0,100,100,0,0,0,0,0,0,0,0,59767459,0,59416491,0,350818,0,0,0,0,0,0,0,0,0,0,0,0,0,0,0,0,0,0,0,0,230.383647583
0.0012,0.5,0.075,120000,0,0,0,0,0,0,100,100,0,0,0,0,0,0,0,0,59767459,0,59416491,0,350818,0,0,0,0,0,0,0,0,0,0,0,0,0,0,0,0,0,0,0,0,250.496223708
0.0012,0.5,0.1,30000,0,0,0,0,0,0,100,100,0,0,0,0,0,0,0,0,59767459,0,59416491,0,350818,0,0,0,0,0,0,0,0,0,0,0,0,0,0,0,0,0,0,0,0,293.4951685
0.0012,0.5,0.1,60000,0,0,0,0,0,0,100,100,0,0,0,0,0,0,0,0,59767459,0,59416491,0,350818,0,0,0,0,0,0,0,0,0,0,0,0,0,0,0,0,0,0,0,0,239.37846475
0.0012,0.5,0.1,120000,0,0,0,0,0,0,100,100,0,0,0,0,0,0,0,0,59767459,0,59416491,0,350818,0,0,0,0,0,0,0,0,0,0,0,0,0,0,0,0,0,0,0,0,245.687511167
0.0012,0.5,0.125,30000,0,0,0,0,0,0,100,100,0,0,0,0,0,0,0,0,59767459,0,59416491,0,350818,0,0,0,0,0,0,0,0,0,0,0,0,0,0,0,0,0,0,0,0,236.03963225
0.0012,0.5,0.125,60000,0,0,0,0,0,0,100,100,0,0,0,0,0,0,0,0,59767459,0,59416491,0,350818,0,0,0,0,0,0,0,0,0,0,0,0,0,0,0,0,0,0,0,0,242.78351525
0.0012,0.5,0.125,120000,0,0,0,0,0,0,100,100,0,0,0,0,0,0,0,0,59767459,0,59416491,0,350818,0,0,0,0,0,0,0,0,0,0,0,0,0,0,0,0,0,0,0,0,237.828805375
0.0012,0.55,0.03,30000,0,0,0,0,0,0,100,100,0,0,0,0,0,0,0,0,59767459,0,59416491,0,350818,0,0,0,0,0,0,0,0,0,0,0,0,0,0,0,0,0,0,0,0,239.109327833
0.0012,0.55,0.03,60000,0,0,0,0,0,0,100,100,0,0,0,0,0,0,0,0,59767459,0,59416491,0,350818,0,0,0,0,0,0,0,0,0,0,0,0,0,0,0,0,0,0,0,0,232.686190417
0.0012,0.55,0.03,120000,0,0,0,0,0,0,100,100,0,0,0,0,0,0,0,0,59767459,0,59416491,0,350818,0,0,0,0,0,0,0,0,0,0,0,0,0,0,0,0,0,0,0,0,270.448668041
0.0012,0.55,0.05,30000,0,0,0,0,0,0,100,100,0,0,0,0,0,0,0,0,59767459,0,59416491,0,350818,0,0,0,0,0,0,0,0,0,0,0,0,0,0,0,0,0,0,0,0,233.113606042
0.0012,0.55,0.05,60000,0,0,0,0,0,0,100,100,0,0,0,0,0,0,0,0,59767459,0,59416491,0,350818,0,0,0,0,0,0,0,0,0,0,0,0,0,0,0,0,0,0,0,0,230.085163917
0.0012,0.55,0.05,120000,0,0,0,0,0,0,100,100,0,0,0,0,0,0,0,0,59767459,0,59416491,0,350818,0,0,0,0,0,0,0,0,0,0,0,0,0,0,0,0,0,0,0,0,235.7026965
0.0012,0.55,0.075,30000,0,0,0,0,0,0,100,100,0,0,0,0,0,0,0,0,59767459,0,59416491,0,350818,0,0,0,0,0,0,0,0,0,0,0,0,0,0,0,0,0,0,0,0,244.838700125
0.0012,0.55,0.075,60000,0,0,0,0,0,0,100,100,0,0,0,0,0,0,0,0,59767459,0,59416491,0,350818,0,0,0,0,0,0,0,0,0,0,0,0,0,0,0,0,0,0,0,0,230.481857625
0.0012,0.55,0.075,120000,0,0,0,0,0,0,100,100,0,0,0,0,0,0,0,0,59767459,0,59416491,0,350818,0,0,0,0,0,0,0,0,0,0,0,0,0,0,0,0,0,0,0,0,240.452886208
0.0012,0.55,0.1,30000,0,0,0,0,0,0,100,100,0,0,0,0,0,0,0,0,59767459,0,59416491,0,350818,0,0,0,0,0,0,0,0,0,0,0,0,0,0,0,0,0,0,0,0,234.729762334
0.0012,0.55,0.1,60000,0,0,0,0,0,0,100,100,0,0,0,0,0,0,0,0,59767459,0,59416491,0,350818,0,0,0,0,0,0,0,0,0,0,0,0,0,0,0,0,0,0,0,0,244.6239305
0.0012,0.55,0.1,120000,0,0,0,0,0,0,100,100,0,0,0,0,0,0,0,0,59767459,0,59416491,0,350818,0,0,0,0,0,0,0,0,0,0,0,0,0,0,0,0,0,0,0,0,237.384046583
0.0012,0.55,0.125,30000,0,0,0,0,0,0,100,100,0,0,0,0,0,0,0,0,59767459,0,59416491,0,350818,0,0,0,0,0,0,0,0,0,0,0,0,0,0,0,0,0,0,0,0,233.686300917
0.0012,0.55,0.125,60000,0,0,0,0,0,0,100,100,0,0,0,0,0,0,0,0,59767459,0,59416491,0,350818,0,0,0,0,0,0,0,0,0,0,0,0,0,0,0,0,0,0,0,0,240.726004334
0.0012,0.55,0.125,120000,0,0,0,0,0,0,100,100,0,0,0,0,0,0,0,0,59767459,0,59416491,0,350818,0,0,0,0,0,0,0,0,0,0,0,0,0,0,0,0,0,0,0,0,232.413002375
0.0012,0.6,0.03,30000,0,0,0,0,0,0,100,100,0,0,0,0,0,0,0,0,59767459,0,59416491,0,350818,0,0,0,0,0,0,0,0,0,0,0,0,0,0,0,0,0,0,0,0,242.779734708
0.0012,0.6,0.03,60000,0,0,0,0,0,0,100,100,0,0,0,0,0,0,0,0,59767459,0,59416491,0,350818,0,0,0,0,0,0,0,0,0,0,0,0,0,0,0,0,0,0,0,0,237.49302925
0.0012,0.6,0.03,120000,0,0,0,0,0,0,100,100,0,0,0,0,0,0,0,0,59767459,0,59416491,0,350818,0,0,0,0,0,0,0,0,0,0,0,0,0,0,0,0,0,0,0,0,230.172731084
0.0012,0.6,0.05,30000,0,0,0,0,0,0,100,100,0,0,0,0,0,0,0,0,59767459,0,59416491,0,350818,0,0,0,0,0,0,0,0,0,0,0,0,0,0,0,0,0,0,0,0,279.958184834
0.0012,0.6,0.05,60000,0,0,0,0,0,0,100,100,0,0,0,0,0,0,0,0,59767459,0,59416491,0,350818,0,0,0,0,0,0,0,0,0,0,0,0,0,0,0,0,0,0,0,0,243.472731166
0.0012,0.6,0.05,120000,0,0,0,0,0,0,100,100,0,0,0,0,0,0,0,0,59767459,0,59416491,0,350818,0,0,0,0,0,0,0,0,0,0,0,0,0,0,0,0,0,0,0,0,242.59893575
0.0012,0.6,0.075,30000,0,0,0,0,0,0,100,100,0,0,0,0,0,0,0,0,59767459,0,59416491,0,350818,0,0,0,0,0,0,0,0,0,0,0,0,0,0,0,0,0,0,0,0,244.668473542
0.0012,0.6,0.075,60000,0,0,0,0,0,0,100,100,0,0,0,0,0,0,0,0,59767459,0,59416491,0,350818,0,0,0,0,0,0,0,0,0,0,0,0,0,0,0,0,0,0,0,0,240.661102416
0.0012,0.6,0.075,120000,0,0,0,0,0,0,100,100,0,0,0,0,0,0,0,0,59767459,0,59416491,0,350818,0,0,0,0,0,0,0,0,0,0,0,0,0,0,0,0,0,0,0,0,235.796776333
0.0012,0.6,0.1,30000,0,0,0,0,0,0,100,100,0,0,0,0,0,0,0,0,59767459,0,59416491,0,350818,0,0,0,0,0,0,0,0,0,0,0,0,0,0,0,0,0,0,0,0,239.446621334
0.0012,0.6,0.1,60000,0,0,0,0,0,0,100,100,0,0,0,0,0,0,0,0,59767459,0,59416491,0,350818,0,0,0,0,0,0,0,0,0,0,0,0,0,0,0,0,0,0,0,0,238.309742125
0.0012,0.6,0.1,120000,0,0,0,0,0,0,100,100,0,0,0,0,0,0,0,0,59767459,0,59416491,0,350818,0,0,0,0,0,0,0,0,0,0,0,0,0,0,0,0,0,0,0,0,240.458270083
0.0012,0.6,0.125,30000,0,0,0,0,0,0,100,100,0,0,0,0,0,0,0,0,59767459,0,59416491,0,350818,0,0,0,0,0,0,0,0,0,0,0,0,0,0,0,0,0,0,0,0,246.143358083
0.0012,0.6,0.125,60000,0,0,0,0,0,0,100,100,0,0,0,0,0,0,0,0,59767459,0,59416491,0,350818,0,0,0,0,0,0,0,0,0,0,0,0,0,0,0,0,0,0,0,0,248.413132625
0.0012,0.6,0.125,120000,0,0,0,0,0,0,100,100,0,0,0,0,0,0,0,0,59767459,0,59416491,0,350818,0,0,0,0,0,0,0,0,0,0,0,0,0,0,0,0,0,0,0,0,240.167815958
0.0012,0.65,0.03,30000,0,0,0,0,0,0,100,100,1,0,0,0,0,0,0,0,59767459,0,59416491,0,350818,0,0,0,0,0,0,0,0,0,1,0,0,0,0,0,0,0,0,0,0,241.923973
0.0012,0.65,0.03,60000,0,0,0,0,0,0,100,100,1,0,0,0,0,0,0,0,59767459,0,59416491,0,350818,0,0,0,0,0,0,0,0,0,1,0,0,0,0,0,0,0,0,0,0,245.387319875
0.0012,0.65,0.03,120000,0,0,0,0,0,0,100,100,1,0,0,0,0,0,0,0,59767459,0,59416491,0,350818,0,0,0,0,0,0,0,0,0,1,0,0,0,0,0,0,0,0,0,0,242.58322925
0.0012,0.65,0.05,30000,0,0,0,0,0,0,100,100,1,0,0,0,0,0,0,0,59767459,0,59416491,0,350818,0,0,0,0,0,0,0,0,0,1,0,0,0,0,0,0,0,0,0,0,244.900266417
0.0012,0.65,0.05,60000,0,0,0,0,0,0,100,100,1,0,0,0,0,0,0,0,59767459,0,59416491,0,350818,0,0,0,0,0,0,0,0,0,1,0,0,0,0,0,0,0,0,0,0,230.188796125
0.0012,0.65,0.05,120000,0,0,0,0,0,0,100,100,1,0,0,0,0,0,0,0,59767459,0,59416491,0,350818,0,0,0,0,0,0,0,0,0,1,0,0,0,0,0,0,0,0,0,0,234.041362833
0.0012,0.65,0.075,30000,0,0,0,0,0,0,100,100,1,0,0,1,0,0,0,0,59767459,0,59416491,0,350818,1,0,0,0,0,0,1,0,0,1,0,0,0,0,0,0,0,0,0,0,225.513749375
0.0012,0.65,0.075,60000,0,0,0,0,0,0,100,100,1,0,0,1,0,0,0,0,59767459,0,59416491,0,350818,1,0,0,0,0,0,1,0,0,1,0,0,0,0,0,0,0,0,0,0,227.861009875
0.0012,0.65,0.075,120000,0,0,0,0,0,0,100,100,1,0,0,1,0,0,0,0,59767459,0,59416491,0,350818,1,0,0,0,0,0,1,0,0,1,0,0,0,0,0,0,0,0,0,0,226.926082334
0.0012,0.65,0.1,30000,0,0,0,0,0,0,100,100,1,0,0,1,0,0,0,0,59767459,0,59416491,0,350818,1,0,0,0,0,0,1,0,0,1,0,0,0,0,0,0,0,0,0,0,233.480831875
0.0012,0.65,0.1,60000,0,0,0,0,0,0,100,100,1,0,0,1,0,0,0,0,59767459,0,59416491,0,350818,1,0,0,0,0,0,1,0,0,1,0,0,0,0,0,0,0,0,0,0,236.827224375
0.0012,0.65,0.1,120000,0,0,0,0,0,0,100,100,1,0,0,1,0,0,0,0,59767459,0,59416491,0,350818,1,0,0,0,0,0,1,0,0,1,0,0,0,0,0,0,0,0,0,0,240.522092292
0.0012,0.65,0.125,30000,0,0,0,0,0,0,100,100,1,0,0,1,0,0,0,0,59767459,0,59416491,0,350818,1,0,0,0,0,0,1,0,0,1,0,0,0,0,0,0,0,0,0,0,238.604177291
0.0012,0.65,0.125,60000,0,0,0,0,0,0,100,100,1,0,0,1,0,0,0,0,59767459,0,59416491,0,350818,1,0,0,0,0,0,1,0,0,1,0,0,0,0,0,0,0,0,0,0,235.710518541
0.0012,0.65,0.125,120000,0,0,0,0,0,0,100,100,1,0,0,1,0,0,0,0,59767459,0,59416491,0,350818,1,0,0,0,0,0,1,0,0,1,0,0,0,0,0,0,0,0,0,0,223.253764125
0.0012,0.7,0.03,30000,0,0,0,0,0,0,100,100,1,0,0,0,0,0,0,0,59767459,0,59416491,0,350818,0,0,0,0,0,0,0,0,0,1,0,0,0,1,0,0,0,0,0,0,228.73456825
0.0012,0.7,0.03,60000,0,0,0,0,0,0,100,100,1,0,0,0,0,0,0,0,59767459,0,59416491,0,350818,0,0,0,0,0,0,0,0,0,1,0,0,0,1,0,0,0,0,0,0,229.177669792
0.0012,0.7,0.03,120000,0,0,0,0,0,0,100,100,1,0,0,0,0,0,0,0,59767459,0,59416491,0,350818,0,0,0,0,0,0,0,0,0,1,0,0,0,1,0,0,0,0,0,0,222.593903125
0.0012,0.7,0.05,30000,0,0,0,0,0,0,100,100,1,0,0,0,0,0,0,0,59767459,0,59416491,0,350818,0,0,0,0,0,0,0,0,0,1,0,0,0,0,0,0,0,0,0,0,222.522562417
0.0012,0.7,0.05,60000,0,0,0,0,0,0,100,100,1,0,0,0,0,0,0,0,59767459,0,59416491,0,350818,0,0,0,0,0,0,0,0,0,1,0,0,0,0,0,0,0,0,0,0,227.479764583
0.0012,0.7,0.05,120000,0,0,0,0,0,0,100,100,1,0,0,0,0,0,0,0,59767459,0,59416491,0,350818,0,0,0,0,0,0,0,0,0,1,0,0,0,0,0,0,0,0,0,0,240.446416709
0.0012,0.7,0.075,30000,0,0,0,0,0,0,100,100,1,0,0,1,0,0,0,0,59767459,0,59416491,0,350818,1,0,0,0,0,0,1,0,0,1,0,0,0,0,0,0,0,0,0,0,238.34071675
0.0012,0.7,0.075,60000,0,0,0,0,0,0,100,100,1,0,0,1,0,0,0,0,59767459,0,59416491,0,350818,1,0,0,0,0,0,1,0,0,1,0,0,0,0,0,0,0,0,0,0,235.639172666
0.0012,0.7,0.075,120000,0,0,0,0,0,0,100,100,1,0,0,1,0,0,0,0,59767459,0,59416491,0,350818,1,0,0,0,0,0,1,0,0,1,0,0,0,0,0,0,0,0,0,0,223.397149458
0.0012,0.7,0.1,30000,0,0,0,0,0,0,100,100,1,0,0,1,0,0,0,0,59767459,0,59416491,0,350818,1,0,0,0,0,0,1,0,0,1,0,0,0,0,0,0,0,0,0,0,228.801446917
0.0012,0.7,0.1,60000,0,0,0,0,0,0,100,100,1,0,0,1,0,0,0,0,59767459,0,59416491,0,350818,1,0,0,0,0,0,1,0,0,1,0,0,0,0,0,0,0,0,0,0,229.052877708
0.0012,0.7,0.1,120000,0,0,0,0,0,0,100,100,1,0,0,1,0,0,0,0,59767459,0,59416491,0,350818,1,0,0,0,0,0,1,0,0,1,0,0,0,0,0,0,0,0,0,0,223.008955083
0.0012,0.7,0.125,30000,0,0,0,0,0,0,100,100,1,0,0,1,0,0,0,0,59767459,0,59416491,0,350818,1,0,0,0,0,0,1,0,0,1,0,0,0,0,0,0,0,0,0,0,222.79931825
0.0012,0.7,0.125,60000,0,0,0,0,0,0,100,100,1,0,0,1,0,0,0,0,59767459,0,59416491,0,350818,1,0,0,0,0,0,1,0,0,1,0,0,0,0,0,0,0,0,0,0,227.054531375
0.0012,0.7,0.125,120000,0,0,0,0,0,0,100,100,1,0,0,1,0,0,0,0,59767459,0,59416491,0,350818,1,0,0,0,0,0,1,0,0,1,0,0,0,0,0,0,0,0,0,0,226.926020416
0.0014,0.5,0.03,30000,0,0,0,0,0,0,100,100,0,0,0,0,0,0,0,0,59767459,0,59416491,0,350818,0,0,0,0,0,0,0,0,0,0,0,0,0,0,0,0,0,0,0,0,271.082277209
0.0014,0.5,0.03,60000,0,0,0,0,0,0,100,100,0,0,0,0,0,0,0,0,59767459,0,59416491,0,350818,0,0,0,0,0,0,0,0,0,0,0,0,0,0,0,0,0,0,0,0,251.026744833
0.0014,0.5,0.03,120000,0,0,0,0,0,0,100,100,0,0,0,0,0,0,0,0,59767459,0,59416491,0,350818,0,0,0,0,0,0,0,0,0,0,0,0,0,0,0,0,0,0,0,0,230.311059
0.0014,0.5,0.05,30000,0,0,0,0,0,0,100,100,0,0,0,0,0,0,0,0,59767459,0,59416491,0,350818,0,0,0,0,0,0,0,0,0,0,0,0,0,0,0,0,0,0,0,0,238.081488125
0.0014,0.5,0.05,60000,0,0,0,0,0,0,100,100,0,0,0,0,0,0,0,0,59767459,0,59416491,0,350818,0,0,0,0,0,0,0,0,0,0,0,0,0,0,0,0,0,0,0,0,237.993763083
0.0014,0.5,0.05,120000,0,0,0,0,0,0,100,100,0,0,0,0,0,0,0,0,59767459,0,59416491,0,350818,0,0,0,0,0,0,0,0,0,0,0,0,0,0,0,0,0,0,0,0,236.205248042
0.0014,0.5,0.075,30000,0,0,0,0,0,0,100,100,0,0,0,0,0,0,0,0,59767459,0,59416491,0,350818,0,0,0,0,0,0,0,0,0,0,0,0,0,0,0,0,0,0,0,0,236.026745292
0.0014,0.5,0.075,60000,0,0,0,0,0,0,100,100,0,0,0,0,0,0,0,0,59767459,0,59416491,0,350818,0,0,0,0,0,0,0,0,0,0,0,0,0,0,0,0,0,0,0,0,229.972891667
0.0014,0.5,0.075,120000,0,0,0,0,0,0,100,100,0,0,0,0,0,0,0,0,59767459,0,59416491,0,350818,0,0,0,0,0,0,0,0,0,0,0,0,0,0,0,0,0,0,0,0,251.980692083
0.0014,0.5,0.1,30000,0,0,0,0,0,0,100,100,0,0,0,0,0,0,0,0,59767459,0,59416491,0,350818,0,0,0,0,0,0,0,0,0,0,0,0,0,0,0,0,0,0,0,0,295.939217833
0.0014,0.5,0.1,60000,0,0,0,0,0,0,100,100,0,0,0,0,0,0,0,0,59767459,0,59416491,0,350818,0,0,0,0,0,0,0,0,0,0,0,0,0,0,0,0,0,0,0,0,239.42824225
0.0014,0.5,0.1,120000,0,0,0,0,0,0,100,100,0,0,0,0,0,0,0,0,59767459,0,59416491,0,350818,0,0,0,0,0,0,0,0,0,0,0,0,0,0,0,0,0,0,0,0,245.645023875
0.0014,0.5,0.125,30000,0,0,0,0,0,0,100,100,0,0,0,0,0,0,0,0,59767459,0,59416491,0,350818,0,0,0,0,0,0,0,0,0,0,0,0,0,0,0,0,0,0,0,0,235.948247416
0.0014,0.5,0.125,60000,0,0,0,0,0,0,100,100,0,0,0,0,0,0,0,0,59767459,0,59416491,0,350818,0,0,0,0,0,0,0,0,0,0,0,0,0,0,0,0,0,0,0,0,242.890113125
0.0014,0.5,0.125,120000,0,0,0,0,0,0,100,100,0,0,0,0,0,0,0,0,59767459,0,59416491,0,350818,0,0,0,0,0,0,0,0,0,0,0,0,0,0,0,0,0,0,0,0,237.811924083
0.0014,0.55,0.03,30000,0,0,0,0,0,0,100,100,0,0,0,0,0,0,0,0,59767459,0,59416491,0,350818,0,0,0,0,0,0,0,0,0,0,0,0,0,0,0,0,0,0,0,0,239.074026625
0.0014,0.55,0.03,60000,0,0,0,0,0,0,100,100,0,0,0,0,0,0,0,0,59767459,0,59416491,0,350818,0,0,0,0,0,0,0,0,0,0,0,0,0,0,0,0,0,0,0,0,233.139060084
0.0014,0.55,0.03,120000,0,0,0,0,0,0,100,100,0,0,0,0,0,0,0,0,59767459,0,59416491,0,350818,0,0,0,0,0,0,0,0,0,0,0,0,0,0,0,0,0,0,0,0,270.0468445
0.0014,0.55,0.05,30000,0,0,0,0,0,0,100,100,0,0,0,0,0,0,0,0,59767459,0,59416491,0,350818,0,0,0,0,0,0,0,0,0,0,0,0,0,0,0,0,0,0,0,0,231.964406333
0.0014,0.55,0.05,60000,0,0,0,0,0,0,100,100,0,0,0,0,0,0,0,0,59767459,0,59416491,0,350818,0,0,0,0,0,0,0,0,0,0,0,0,0,0,0,0,0,0,0,0,230.646312375
0.0014,0.55,0.05,120000,0,0,0,0,0,0,100,100,0,0,0,0,0,0,0,0,59767459,0,59416491,0,350818,0,0,0,0,0,0,0,0,0,0,0,0,0,0,0,0,0,0,0,0,236.285450792
0.0014,0.55,0.075,30000,0,0,0,0,0,0,100,100,0,0,0,0,0,0,0,0,59767459,0,59416491,0,350818,0,0,0,0,0,0,0,0,0,0,0,0,0,0,0,0,0,0,0,0,243.587189667
0.0014,0.55,0.075,60000,0,0,0,0,0,0,100,100,0,0,0,0,0,0,0,0,59767459,0,59416491,0,350818,0,0,0,0,0,0,0,0,0,0,0,0,0,0,0,0,0,0,0,0,229.963062667
0.0014,0.55,0.075,120000,0,0,0,0,0,0,100,100,0,0,0,0,0,0,0,0,59767459,0,59416491,0,350818,0,0,0,0,0,0,0,0,0,0,0,0,0,0,0,0,0,0,0,0,240.053471958
0.0014,0.55,0.1,30000,0,0,0,0,0,0,100,100,0,0,0,0,0,0,0,0,59767459,0,59416491,0,350818,0,0,0,0,0,0,0,0,0,0,0,0,0,0,0,0,0,0,0,0,232.542328583
0.0014,0.55,0.1,60000,0,0,0,0,0,0,100,100,0,0,0,0,0,0,0,0,59767459,0,59416491,0,350818,0,0,0,0,0,0,0,0,0,0,0,0,0,0,0,0,0,0,0,0,243.647211542
0.0014,0.55,0.1,120000,0,0,0,0,0,0,100,100,0,0,0,0,0,0,0,0,59767459,0,59416491,0,350818,0,0,0,0,0,0,0,0,0,0,0,0,0,0,0,0,0,0,0,0,237.916423125
0.0014,0.55,0.125,30000,0,0,0,0,0,0,100,100,0,0,0,0,0,0,0,0,59767459,0,59416491,0,350818,0,0,0,0,0,0,0,0,0,0,0,0,0,0,0,0,0,0,0,0,236.134835667
0.0014,0.55,0.125,60000,0,0,0,0,0,0,100,100,0,0,0,0,0,0,0,0,59767459,0,59416491,0,350818,0,0,0,0,0,0,0,0,0,0,0,0,0,0,0,0,0,0,0,0,241.621855708
0.0014,0.55,0.125,120000,0,0,0,0,0,0,100,100,0,0,0,0,0,0,0,0,59767459,0,59416491,0,350818,0,0,0,0,0,0,0,0,0,0,0,0,0,0,0,0,0,0,0,0,231.531879917
0.0014,0.6,0.03,30000,0,0,0,0,0,0,100,100,0,0,0,0,0,0,0,0,59767459,0,59416491,0,350818,0,0,0,0,0,0,0,0,0,0,0,0,0,0,0,0,0,0,0,0,244.918519083
0.0014,0.6,0.03,60000,0,0,0,0,0,0,100,100,0,0,0,0,0,0,0,0,59767459,0,59416491,0,350818,0,0,0,0,0,0,0,0,0,0,0,0,0,0,0,0,0,0,0,0,237.679300042
0.0014,0.6,0.03,120000,0,0,0,0,0,0,100,100,0,0,0,0,0,0,0,0,59767459,0,59416491,0,350818,0,0,0,0,0,0,0,0,0,0,0,0,0,0,0,0,0,0,0,0,230.179258
0.0014,0.6,0.05,30000,0,0,0,0,0,0,100,100,0,0,0,0,0,0,0,0,59767459,0,59416491,0,350818,0,0,0,0,0,0,0,0,0,0,0,0,0,0,0,0,0,0,0,0,280.011759792
0.0014,0.6,0.05,60000,0,0,0,0,0,0,100,100,0,0,0,0,0,0,0,0,59767459,0,59416491,0,350818,0,0,0,0,0,0,0,0,0,0,0,0,0,0,0,0,0,0,0,0,243.442405709
0.0014,0.6,0.05,120000,0,0,0,0,0,0,100,100,0,0,0,0,0,0,0,0,59767459,0,59416491,0,350818,0,0,0,0,0,0,0,0,0,0,0,0,0,0,0,0,0,0,0,0,242.643426292
0.0014,0.6,0.075,30000,0,0,0,0,0,0,100,100,0,0,0,0,0,0,0,0,59767459,0,59416491,0,350818,0,0,0,0,0,0,0,0,0,0,0,0,0,0,0,0,0,0,0,0,244.594200167
0.0014,0.6,0.075,60000,0,0,0,0,0,0,100,100,0,0,0,0,0,0,0,0,59767459,0,59416491,0,350818,0,0,0,0,0,0,0,0,0,0,0,0,0,0,0,0,0,0,0,0,271.083820083
0.0014,0.6,0.075,120000,0,0,0,0,0,0,100,100,0,0,0,0,0,0,0,0,59767459,0,59416491,0,350818,0,0,0,0,0,0,0,0,0,0,0,0,0,0,0,0,0,0,0,0,250.507495167
0.0014,0.6,0.1,30000,0,0,0,0,0,0,100,100,0,0,0,0,0,0,0,0,59767459,0,59416491,0,350818,0,0,0,0,0,0,0,0,0,0,0,0,0,0,0,0,0,0,0,0,230.825453375
0.0014,0.6,0.1,60000,0,0,0,0,0,0,100,100,0,0,0,0,0,0,0,0,59767459,0,59416491,0,350818,0,0,0,0,0,0,0,0,0,0,0,0,0,0,0,0,0,0,0,0,239.845438833
0.0014,0.6,0.1,120000,0,0,0,0,0,0,100,100,0,0,0,0,0,0,0,0,59767459,0,59416491,0,350818,0,0,0,0,0,0,0,0,0,0,0,0,0,0,0,0,0,0,0,0,237.26273525
0.0014,0.6,0.125,30000,0,0,0,0,0,0,100,100,0,0,0,0,0,0,0,0,59767459,0,59416491,0,350818,0,0,0,0,0,0,0,0,0,0,0,0,0,0,0,0,0,0,0,0,235.533931875
0.0014,0.6,0.125,60000,0,0,0,0,0,0,100,100,0,0,0,0,0,0,0,0,59767459,0,59416491,0,350818,0,0,0,0,0,0,0,0,0,0,0,0,0,0,0,0,0,0,0,0,238.04602
0.0014,0.6,0.125,120000,0,0,0,0,0,0,100,100,0,0,0,0,0,0,0,0,59767459,0,59416491,0,350818,0,0,0,0,0,0,0,0,0,0,0,0,0,0,0,0,0,0,0,0,229.3737
0.0014,0.65,0.03,30000,0,0,0,0,0,0,100,100,0,0,0,0,0,0,0,0,59767459,0,59416491,0,350818,0,0,0,0,0,0,0,0,0,0,0,0,0,0,0,0,0,0,0,0,251.605195459
0.0014,0.65,0.03,60000,0,0,0,0,0,0,100,100,0,0,0,0,0,0,0,0,59767459,0,59416491,0,350818,0,0,0,0,0,0,0,0,0,0,0,0,0,0,0,0,0,0,0,0,294.536309834
0.0014,0.65,0.03,120000,0,0,0,0,0,0,100,100,0,0,0,0,0,0,0,0,59767459,0,59416491,0,350818,0,0,0,0,0,0,0,0,0,0,0,0,0,0,0,0,0,0,0,0,239.404466459
0.0014,0.65,0.05,30000,0,0,0,0,0,0,100,100,0,0,0,0,0,0,0,0,59767459,0,59416491,0,350818,0,0,0,0,0,0,0,0,0,0,0,0,0,0,0,0,0,0,0,0,245.6594655
0.0014,0.65,0.05,60000,0,0,0,0,0,0,100,100,0,0,0,0,0,0,0,0,59767459,0,59416491,0,350818,0,0,0,0,0,0,0,0,0,0,0,0,0,0,0,0,0,0,0,0,235.970196375
0.0014,0.65,0.05,120000,0,0,0,0,0,0,100,100,0,0,0,0,0,0,0,0,59767459,0,59416491,0,350818,0,0,0,0,0,0,0,0,0,0,0,0,0,0,0,0,0,0,0,0,242.855368959
0.0014,0.65,0.075,30000,0,0,0,0,0,0,100,100,0,0,0,0,0,0,0,0,59767459,0,59416491,0,350818,0,0,0,0,0,0,0,0,0,0,0,0,0,0,0,0,0,0,0,0,237.900538584
0.0014,0.65,0.075,60000,0,0,0,0,0,0,100,100,0,0,0,0,0,0,0,0,59767459,0,59416491,0,350818,0,0,0,0,0,0,0,0,0,0,0,0,0,0,0,0,0,0,0,0,239.008504958
0.0014,0.65,0.075,120000,0,0,0,0,0,0,100,100,0,0,0,0,0,0,0,0,59767459,0,59416491,0,350818,0,0,0,0,0,0,0,0,0,0,0,0,0,0,0,0,0,0,0,0,233.030965292
0.0014,0.65,0.1,30000,0,0,0,0,0,0,100,100,0,0,0,0,0,0,0,0,59767459,0,59416491,0,350818,0,0,0,0,0,0,0,0,0,0,0,0,0,0,0,0,0,0,0,0,270.142134792
0.0014,0.65,0.1,60000,0,0,0,0,0,0,100,100,0,0,0,0,0,0,0,0,59767459,0,59416491,0,350818,0,0,0,0,0,0,0,0,0,0,0,0,0,0,0,0,0,0,0,0,233.006600166
0.0014,0.65,0.1,120000,0,0,0,0,0,0,100,100,0,0,0,0,0,0,0,0,59767459,0,59416491,0,350818,0,0,0,0,0,0,0,0,0,0,0,0,0,0,0,0,0,0,0,0,229.610962958
0.0014,0.65,0.125,30000,0,0,0,0,0,0,100,100,0,0,0,0,0,0,0,0,59767459,0,59416491,0,350818,0,0,0,0,0,0,0,0,0,0,0,0,0,0,0,0,0,0,0,0,236.293616458
0.0014,0.65,0.125,60000,0,0,0,0,0,0,100,100,0,0,0,0,0,0,0,0,59767459,0,59416491,0,350818,0,0,0,0,0,0,0,0,0,0,0,0,0,0,0,0,0,0,0,0,244.127319125
0.0014,0.65,0.125,120000,0,0,0,0,0,0,100,100,0,0,0,0,0,0,0,0,59767459,0,59416491,0,350818,0,0,0,0,0,0,0,0,0,0,0,0,0,0,0,0,0,0,0,0,229.3653355
0.0014,0.7,0.03,30000,0,0,0,0,0,0,100,100,0,0,0,0,0,0,0,0,59767459,0,59416491,0,350818,0,0,0,0,0,0,0,0,0,0,0,0,0,0,0,0,0,0,0,0,242.464797417
0.0014,0.7,0.03,60000,0,0,0,0,0,0,100,100,0,0,0,0,0,0,0,0,59767459,0,59416491,0,350818,0,0,0,0,0,0,0,0,0,0,0,0,0,0,0,0,0,0,0,0,233.402801375
0.0014,0.7,0.03,120000,0,0,0,0,0,0,100,100,0,0,0,0,0,0,0,0,59767459,0,59416491,0,350818,0,0,0,0,0,0,0,0,0,0,0,0,0,0,0,0,0,0,0,0,245.390070042
0.0014,0.7,0.05,30000,0,0,0,0,0,0,100,100,0,0,0,0,0,0,0,0,59767459,0,59416491,0,350818,0,0,0,0,0,0,0,0,0,0,0,0,0,0,0,0,0,0,0,0,236.499629541
0.0014,0.7,0.05,60000,0,0,0,0,0,0,100,100,0,0,0,0,0,0,0,0,59767459,0,59416491,0,350818,0,0,0,0,0,0,0,0,0,0,0,0,0,0,0,0,0,0,0,0,232.756600292
0.0014,0.7,0.05,120000,0,0,0,0,0,0,100,100,0,0,0,0,0,0,0,0,59767459,0,59416491,0,350818,0,0,0,0,0,0,0,0,0,0,0,0,0,0,0,0,0,0,0,0,239.898890916
0.0014,0.7,0.075,30000,0,0,0,0,0,0,100,100,0,0,0,0,0,0,0,0,59767459,0,59416491,0,350818,0,0,0,0,0,0,0,0,0,0,0,0,0,0,0,0,0,0,0,0,233.084853291
0.0014,0.7,0.075,60000,0,0,0,0,0,0,100,100,0,0,0,0,0,0,0,0,59767459,0,59416491,0,350818,0,0,0,0,0,0,0,0,0,0,0,0,0,0,0,0,0,0,0,0,244.617364792
0.0014,0.7,0.075,120000,0,0,0,0,0,0,100,100,0,0,0,0,0,0,0,0,59767459,0,59416491,0,350818,0,0,0,0,0,0,0,0,0,0,0,0,0,0,0,0,0,0,0,0,237.95792425
0.0014,0.7,0.1,30000,0,0,0,0,0,0,100,100,0,0,0,0,0,0,0,0,59767459,0,59416491,0,350818,0,0,0,0,0,0,0,0,0,0,0,0,0,0,0,0,0,0,0,0,230.209115209
0.0014,0.7,0.1,60000,0,0,0,0,0,0,100,100,0,0,0,0,0,0,0,0,59767459,0,59416491,0,350818,0,0,0,0,0,0,0,0,0,0,0,0,0,0,0,0,0,0,0,0,280.004643416
0.0014,0.7,0.1,120000,0,0,0,0,0,0,100,100,0,0,0,0,0,0,0,0,59767459,0,59416491,0,350818,0,0,0,0,0,0,0,0,0,0,0,0,0,0,0,0,0,0,0,0,243.448235917
0.0014,0.7,0.125,30000,0,0,0,0,0,0,100,100,0,0,0,0,0,0,0,0,59767459,0,59416491,0,350818,0,0,0,0,0,0,0,0,0,0,0,0,0,0,0,0,0,0,0,0,242.594339458
0.0014,0.7,0.125,60000,0,0,0,0,0,0,100,100,0,0,0,0,0,0,0,0,59767459,0,59416491,0,350818,0,0,0,0,0,0,0,0,0,0,0,0,0,0,0,0,0,0,0,0,244.620698167
0.0014,0.7,0.125,120000,0,0,0,0,0,0,100,100,0,0,0,0,0,0,0,0,59767459,0,59416491,0,350818,0,0,0,0,0,0,0,0,0,0,0,0,0,0,0,0,0,0,0,0,240.558820708
0.0016,0.5,0.03,30000,0,0,0,0,0,0,100,100,0,0,0,0,0,0,0,0,59767459,0,59416491,0,350818,0,0,0,0,0,0,0,0,0,0,0,0,0,0,0,0,0,0,0,0,271.747452417
0.0016,0.5,0.03,60000,0,0,0,0,0,0,100,100,0,0,0,0,0,0,0,0,59767459,0,59416491,0,350818,0,0,0,0,0,0,0,0,0,0,0,0,0,0,0,0,0,0,0,0,249.843099583
0.0016,0.5,0.03,120000,0,0,0,0,0,0,100,100,0,0,0,0,0,0,0,0,59767459,0,59416491,0,350818,0,0,0,0,0,0,0,0,0,0,0,0,0,0,0,0,0,0,0,0,230.426759916
0.0016,0.5,0.05,30000,0,0,0,0,0,0,100,100,0,0,0,0,0,0,0,0,59767459,0,59416491,0,350818,0,0,0,0,0,0,0,0,0,0,0,0,0,0,0,0,0,0,0,0,238.523366167
0.0016,0.5,0.05,60000,0,0,0,0,0,0,100,100,0,0,0,0,0,0,0,0,59767459,0,59416491,0,350818,0,0,0,0,0,0,0,0,0,0,0,0,0,0,0,0,0,0,0,0,236.863334166
0.0016,0.5,0.05,120000,0,0,0,0,0,0,100,100,0,0,0,0,0,0,0,0,59767459,0,59416491,0,350818,0,0,0,0,0,0,0,0,0,0,0,0,0,0,0,0,0,0,0,0,235.121645
0.0016,0.5,0.075,30000,0,0,0,0,0,0,100,100,0,0,0,0,0,0,0,0,59767459,0,59416491,0,350818,0,0,0,0,0,0,0,0,0,0,0,0,0,0,0,0,0,0,0,0,237.708657291
0.0016,0.5,0.075,60000,0,0,0,0,0,0,100,100,0,0,0,0,0,0,0,0,59767459,0,59416491,0,350818,0,0,0,0,0,0,0,0,0,0,0,0,0,0,0,0,0,0,0,0,230.27820125
0.0016,0.5,0.075,120000,0,0,0,0,0,0,100,100,0,0,0,0,0,0,0,0,59767459,0,59416491,0,350818,0,0,0,0,0,0,0,0,0,0,0,0,0,0,0,0,0,0,0,0,252.175309334
0.0016,0.5,0.1,30000,0,0,0,0,0,0,100,100,0,0,0,0,0,0,0,0,59767459,0,59416491,0,350818,0,0,0,0,0,0,0,0,0,0,0,0,0,0,0,0,0,0,0,0,295.981702041
0.0016,0.5,0.1,60000,0,0,0,0,0,0,100,100,0,0,0,0,0,0,0,0,59767459,0,59416491,0,350818,0,0,0,0,0,0,0,0,0,0,0,0,0,0,0,0,0,0,0,0,239.363169375
0.0016,0.5,0.1,120000,0,0,0,0,0,0,100,100,0,0,0,0,0,0,0,0,59767459,0,59416491,0,350818,0,0,0,0,0,0,0,0,0,0,0,0,0,0,0,0,0,0,0,0,245.685722666
0.0016,0.5,0.125,30000,0,0,0,0,0,0,100,100,0,0,0,0,0,0,0,0,59767459,0,59416491,0,350818,0,0,0,0,0,0,0,0,0,0,0,0,0,0,0,0,0,0,0,0,235.941811875
0.0016,0.5,0.125,60000,0,0,0,0,0,0,100,100,0,0,0,0,0,0,0,0,59767459,0,59416491,0,350818,0,0,0,0,0,0,0,0,0,0,0,0,0,0,0,0,0,0,0,0,242.880474916
0.0016,0.5,0.125,120000,0,0,0,0,0,0,100,100,0,0,0,0,0,0,0,0,59767459,0,59416491,0,350818,0,0,0,0,0,0,0,0,0,0,0,0,0,0,0,0,0,0,0,0,237.794285292
0.0016,0.55,0.03,30000,0,0,0,0,0,0,100,100,0,0,0,0,0,0,0,0,59767459,0,59416491,0,350818,0,0,0,0,0,0,0,0,0,0,0,0,0,0,0,0,0,0,0,0,239.06901125
0.0016,0.55,0.03,60000,0,0,0,0,0,0,100,100,0,0,0,0,0,0,0,0,59767459,0,59416491,0,350818,0,0,0,0,0,0,0,0,0,0,0,0,0,0,0,0,0,0,0,0,233.60849575
0.0016,0.55,0.03,120000,0,0,0,0,0,0,100,100,0,0,0,0,0,0,0,0,59767459,0,59416491,0,350818,0,0,0,0,0,0,0,0,0,0,0,0,0,0,0,0,0,0,0,0,269.595277208
0.0016,0.55,0.05,30000,0,0,0,0,0,0,100,100,0,0,0,0,0,0,0,0,59767459,0,59416491,0,350818,0,0,0,0,0,0,0,0,0,0,0,0,0,0,0,0,0,0,0,0,231.993709125
0.0016,0.55,0.05,60000,0,0,0,0,0,0,100,100,0,0,0,0,0,0,0,0,59767459,0,59416491,0,350818,0,0,0,0,0,0,0,0,0,0,0,0,0,0,0,0,0,0,0,0,230.92330575
0.0016,0.55,0.05,120000,0,0,0,0,0,0,100,100,0,0,0,0,0,0,0,0,59767459,0,59416491,0,350818,0,0,0,0,0,0,0,0,0,0,0,0,0,0,0,0,0,0,0,0,236.008337042
0.0016,0.55,0.075,30000,0,0,0,0,0,0,100,100,0,0,0,0,0,0,0,0,59767459,0,59416491,0,350818,0,0,0,0,0,0,0,0,0,0,0,0,0,0,0,0,0,0,0,0,243.212975833
0.0016,0.55,0.075,60000,0,0,0,0,0,0,100,100,0,0,0,0,0,0,0,0,59767459,0,59416491,0,350818,0,0,0,0,0,0,0,0,0,0,0,0,0,0,0,0,0,0,0,0,232.612078916
0.0016,0.55,0.075,120000,0,0,0,0,0,0,100,100,0,0,0,0,0,0,0,0,59767459,0,59416491,0,350818,0,0,0,0,0,0,0,0,0,0,0,0,0,0,0,0,0,0,0,0,239.339534166
0.0016,0.55,0.1,30000,0,0,0,0,0,0,100,100,0,0,0,0,0,0,0,0,59767459,0,59416491,0,350818,0,0,0,0,0,0,0,0,0,0,0,0,0,0,0,0,0,0,0,0,232.871822334
0.0016,0.55,0.1,60000,0,0,0,0,0,0,100,100,0,0,0,0,0,0,0,0,59767459,0,59416491,0,350818,0,0,0,0,0,0,0,0,0,0,0,0,0,0,0,0,0,0,0,0,242.943650292
0.0016,0.55,0.1,120000,0,0,0,0,0,0,100,100,0,0,0,0,0,0,0,0,59767459,0,59416491,0,350818,0,0,0,0,0,0,0,0,0,0,0,0,0,0,0,0,0,0,0,0,236.72063725
0.0016,0.55,0.125,30000,0,0,0,0,0,0,100,100,0,0,0,0,0,0,0,0,59767459,0,59416491,0,350818,0,0,0,0,0,0,0,0,0,0,0,0,0,0,0,0,0,0,0,0,236.233689042
0.0016,0.55,0.125,60000,0,0,0,0,0,0,100,100,0,0,0,0,0,0,0,0,59767459,0,59416491,0,350818,0,0,0,0,0,0,0,0,0,0,0,0,0,0,0,0,0,0,0,0,240.01106775
0.0016,0.55,0.125,120000,0,0,0,0,0,0,100,100,0,0,0,0,0,0,0,0,59767459,0,59416491,0,350818,0,0,0,0,0,0,0,0,0,0,0,0,0,0,0,0,0,0,0,0,233.040819125
0.0016,0.6,0.03,30000,0,0,0,0,0,0,100,100,0,0,0,0,0,0,0,0,59767459,0,59416491,0,350818,0,0,0,0,0,0,0,0,0,0,0,0,0,0,0,0,0,0,0,0,245.0573565
0.0016,0.6,0.03,60000,0,0,0,0,0,0,100,100,0,0,0,0,0,0,0,0,59767459,0,59416491,0,350818,0,0,0,0,0,0,0,0,0,0,0,0,0,0,0,0,0,0,0,0,237.484020041
0.0016,0.6,0.03,120000,0,0,0,0,0,0,100,100,0,0,0,0,0,0,0,0,59767459,0,59416491,0,350818,0,0,0,0,0,0,0,0,0,0,0,0,0,0,0,0,0,0,0,0,230.227115583
0.0016,0.6,0.05,30000,0,0,0,0,0,0,100,100,0,0,0,0,0,0,0,0,59767459,0,59416491,0,350818,0,0,0,0,0,0,0,0,0,0,0,0,0,0,0,0,0,0,0,0,279.968554167
0.0016,0.6,0.05,60000,0,0,0,0,0,0,100,100,0,0,0,0,0,0,0,0,59767459,0,59416491,0,350818,0,0,0,0,0,0,0,0,0,0,0,0,0,0,0,0,0,0,0,0,243.435981209
0.0016,0.6,0.05,120000,0,0,0,0,0,0,100,100,0,0,0,0,0,0,0,0,59767459,0,59416491,0,350818,0,0,0,0,0,0,0,0,0,0,0,0,0,0,0,0,0,0,0,0,242.617181833
0.0016,0.6,0.075,30000,0,0,0,0,0,0,100,100,0,0,0,0,0,0,0,0,59767459,0,59416491,0,350818,0,0,0,0,0,0,0,0,0,0,0,0,0,0,0,0,0,0,0,0,244.8595775
0.0016,0.6,0.075,60000,0,0,0,0,0,0,100,100,0,0,0,0,0,0,0,0,59767459,0,59416491,0,350818,0,0,0,0,0,0,0,0,0,0,0,0,0,0,0,0,0,0,0,0,240.297415042
0.0016,0.6,0.075,120000,0,0,0,0,0,0,100,100,0,0,0,0,0,0,0,0,59767459,0,59416491,0,350818,0,0,0,0,0,0,0,0,0,0,0,0,0,0,0,0,0,0,0,0,235.892246125
0.0016,0.6,0.1,30000,0,0,0,0,0,0,100,100,0,0,0,0,0,0,0,0,59767459,0,59416491,0,350818,0,0,0,0,0,0,0,0,0,0,0,0,0,0,0,0,0,0,0,0,239.449443042
0.0016,0.6,0.1,60000,0,0,0,0,0,0,100,100,0,0,0,0,0,0,0,0,59767459,0,59416491,0,350818,0,0,0,0,0,0,0,0,0,0,0,0,0,0,0,0,0,0,0,0,238.320415541
0.0016,0.6,0.1,120000,0,0,0,0,0,0,100,100,0,0,0,0,0,0,0,0,59767459,0,59416491,0,350818,0,0,0,0,0,0,0,0,0,0,0,0,0,0,0,0,0,0,0,0,240.439234542
0.0016,0.6,0.125,30000,0,0,0,0,0,0,100,100,0,0,0,0,0,0,0,0,59767459,0,59416491,0,350818,0,0,0,0,0,0,0,0,0,0,0,0,0,0,0,0,0,0,0,0,246.136439709
0.0016,0.6,0.125,60000,0,0,0,0,0,0,100,100,0,0,0,0,0,0,0,0,59767459,0,59416491,0,350818,0,0,0,0,0,0,0,0,0,0,0,0,0,0,0,0,0,0,0,0,248.080753792
0.0016,0.6,0.125,120000,0,0,0,0,0,0,100,100,0,0,0,0,0,0,0,0,59767459,0,59416491,0,350818,0,0,0,0,0,0,0,0,0,0,0,0,0,0,0,0,0,0,0,0,240.185778792
0.0016,0.65,0.03,30000,0,0,0,0,0,0,100,100,0,0,0,0,0,0,0,0,59767459,0,59416491,0,350818,0,0,0,0,0,0,0,0,0,0,0,0,0,0,0,0,0,0,0,0,242.373444875
0.0016,0.65,0.03,60000,0,0,0,0,0,0,100,100,0,0,0,0,0,0,0,0,59767459,0,59416491,0,350818,0,0,0,0,0,0,0,0,0,0,0,0,0,0,0,0,0,0,0,0,245.335904333
0.0016,0.65,0.03,120000,0,0,0,0,0,0,100,100,0,0,0,0,0,0,0,0,59767459,0,59416491,0,350818,0,0,0,0,0,0,0,0,0,0,0,0,0,0,0,0,0,0,0,0,242.98309625
0.0016,0.65,0.05,30000,0,0,0,0,0,0,100,100,0,0,0,0,0,0,0,0,59767459,0,59416491,0,350818,0,0,0,0,0,0,0,0,0,0,0,0,0,0,0,0,0,0,0,0,244.963243375
0.0016,0.65,0.05,60000,0,0,0,0,0,0,100,100,0,0,0,0,0,0,0,0,59767459,0,59416491,0,350818,0,0,0,0,0,0,0,0,0,0,0,0,0,0,0,0,0,0,0,0,229.71229825
0.0016,0.65,0.05,120000,0,0,0,0,0,0,100,100,0,0,0,0,0,0,0,0,59767459,0,59416491,0,350818,0,0,0,0,0,0,0,0,0,0,0,0,0,0,0,0,0,0,0,0,234.015034459
0.0016,0.65,0.075,30000,0,0,0,0,0,0,100,100,0,0,0,0,0,0,0,0,59767459,0,59416491,0,350818,0,0,0,0,0,0,0,0,0,0,0,0,0,0,0,0,0,0,0,0,225.071843
0.0016,0.65,0.075,60000,0,0,0,0,0,0,100,100,0,0,0,0,0,0,0,0,59767459,0,59416491,0,350818,0,0,0,0,0,0,0,0,0,0,0,0,0,0,0,0,0,0,0,0,227.770876125
0.0016,0.65,0.075,120000,0,0,0,0,0,0,100,100,0,0,0,0,0,0,0,0,59767459,0,59416491,0,350818,0,0,0,0,0,0,0,0,0,0,0,0,0,0,0,0,0,0,0,0,227.469127875
0.0016,0.65,0.1,30000,0,0,0,0,0,0,100,100,0,0,0,0,0,0,0,0,59767459,0,59416491,0,350818,0,0,0,0,0,0,0,0,0,0,0,0,0,0,0,0,0,0,0,0,233.134889
0.0016,0.65,0.1,60000,0,0,0,0,0,0,100,100,0,0,0,0,0,0,0,0,59767459,0,59416491,0,350818,0,0,0,0,0,0,0,0,0,0,0,0,0,0,0,0,0,0,0,0,237.008457875
0.0016,0.65,0.1,120000,0,0,0,0,0,0,100,100,0,0,0,0,0,0,0,0,59767459,0,59416491,0,350818,0,0,0,0,0,0,0,0,0,0,0,0,0,0,0,0,0,0,0,0,235.913236959
0.0016,0.65,0.125,30000,0,0,0,0,0,0,100,100,0,0,0,0,0,0,0,0,59767459,0,59416491,0,350818,0,0,0,0,0,0,0,0,0,0,0,0,0,0,0,0,0,0,0,0,239.445564084
0.0016,0.65,0.125,60000,0,0,0,0,0,0,100,100,0,0,0,0,0,0,0,0,59767459,0,59416491,0,350818,0,0,0,0,0,0,0,0,0,0,0,0,0,0,0,0,0,0,0,0,238.289331083
0.0016,0.65,0.125,120000,0,0,0,0,0,0,100,100,0,0,0,0,0,0,0,0,59767459,0,59416491,0,350818,0,0,0,0,0,0,0,0,0,0,0,0,0,0,0,0,0,0,0,0,240.455560375
0.0016,0.7,0.03,30000,0,0,0,0,0,0,100,100,0,0,0,0,0,0,0,0,59767459,0,59416491,0,350818,0,0,0,0,0,0,0,0,0,0,0,0,0,0,0,0,0,0,0,0,246.130174791
0.0016,0.7,0.03,60000,0,0,0,0,0,0,100,100,0,0,0,0,0,0,0,0,59767459,0,59416491,0,350818,0,0,0,0,0,0,0,0,0,0,0,0,0,0,0,0,0,0,0,0,248.297076708
0.0016,0.7,0.03,120000,0,0,0,0,0,0,100,100,0,0,0,0,0,0,0,0,59767459,0,59416491,0,350818,0,0,0,0,0,0,0,0,0,0,0,0,0,0,0,0,0,0,0,0,240.001117417
0.0016,0.7,0.05,30000,0,0,0,0,0,0,100,100,0,0,0,0,0,0,0,0,59767459,0,59416491,0,350818,0,0,0,0,0,0,0,0,0,0,0,0,0,0,0,0,0,0,0,0,242.33705475
0.0016,0.7,0.05,60000,0,0,0,0,0,0,100,100,0,0,0,0,0,0,0,0,59767459,0,59416491,0,350818,0,0,0,0,0,0,0,0,0,0,0,0,0,0,0,0,0,0,0,0,245.471043792
0.0016,0.7,0.05,120000,0,0,0,0,0,0,100,100,0,0,0,0,0,0,0,0,59767459,0,59416491,0,350818,0,0,0,0,0,0,0,0,0,0,0,0,0,0,0,0,0,0,0,0,242.447467708
0.0016,0.7,0.075,30000,0,0,0,0,0,0,100,100,0,0,0,0,0,0,0,0,59767459,0,59416491,0,350818,0,0,0,0,0,0,0,0,0,0,0,0,0,0,0,0,0,0,0,0,244.784732
0.0016,0.7,0.075,60000,0,0,0,0,0,0,100,100,0,0,0,0,0,0,0,0,59767459,0,59416491,0,350818,0,0,0,0,0,0,0,0,0,0,0,0,0,0,0,0,0,0,0,0,230.276117667
0.0016,0.7,0.075,120000,0,0,0,0,0,0,100,100,0,0,0,0,0,0,0,0,59767459,0,59416491,0,350818,0,0,0,0,0,0,0,0,0,0,0,0,0,0,0,0,0,0,0,0,234.008235083
0.0016,0.7,0.1,30000,0,0,0,0,0,0,100,100,0,0,0,0,0,0,0,0,59767459,0,59416491,0,350818,0,0,0,0,0,0,0,0,0,0,0,0,0,0,0,0,0,0,0,0,224.951963542
0.0016,0.7,0.1,60000,0,0,0,0,0,0,100,100,0,0,0,0,0,0,0,0,59767459,0,59416491,0,350818,0,0,0,0,0,0,0,0,0,0,0,0,0,0,0,0,0,0,0,0,229.060956625
0.0016,0.7,0.1,120000,0,0,0,0,0,0,100,100,0,0,0,0,0,0,0,0,59767459,0,59416491,0,350818,0,0,0,0,0,0,0,0,0,0,0,0,0,0,0,0,0,0,0,0,226.356687209
0.0016,0.7,0.125,30000,0,0,0,0,0,0,100,100,0,0,0,0,0,0,0,0,59767459,0,59416491,0,350818,0,0,0,0,0,0,0,0,0,0,0,0,0,0,0,0,0,0,0,0,233.103381292
0.0016,0.7,0.125,60000,0,0,0,0,0,0,100,100,0,0,0,0,0,0,0,0,59767459,0,59416491,0,350818,0,0,0,0,0,0,0,0,0,0,0,0,0,0,0,0,0,0,0,0,236.978529541
0.0016,0.7,0.125,120000,0,0,0,0,0,0,100,100,0,0,0,0,0,0,0,0,59767459,0,59416491,0,350818,0,0,0,0,0,0,0,0,0,0,0,0,0,0,0,0,0,0,0,0,241.0688985
0.0018,0.5,0.03,30000,0,0,0,0,0,0,100,100,0,0,0,0,0,0,0,0,59767459,0,59416491,0,350818,0,0,0,0,0,0,0,0,0,0,0,0,0,0,0,0,0,0,0,0,272.841984375
0.0018,0.5,0.03,60000,0,0,0,0,0,0,100,100,0,0,0,0,0,0,0,0,59767459,0,59416491,0,350818,0,0,0,0,0,0,0,0,0,0,0,0,0,0,0,0,0,0,0,0,249.838148583
0.0018,0.5,0.03,120000,0,0,0,0,0,0,100,100,0,0,0,0,0,0,0,0,59767459,0,59416491,0,350818,0,0,0,0,0,0,0,0,0,0,0,0,0,0,0,0,0,0,0,0,230.966511583
0.0018,0.5,0.05,30000,0,0,0,0,0,0,100,100,0,0,0,0,0,0,0,0,59767459,0,59416491,0,350818,0,0,0,0,0,0,0,0,0,0,0,0,0,0,0,0,0,0,0,0,238.85128425
0.0018,0.5,0.05,60000,0,0,0,0,0,0,100,100,0,0,0,0,0,0,0,0,59767459,0,59416491,0,350818,0,0,0,0,0,0,0,0,0,0,0,0,0,0,0,0,0,0,0,0,239.485626167
0.0018,0.5,0.05,120000,0,0,0,0,0,0,100,100,0,0,0,0,0,0,0,0,59767459,0,59416491,0,350818,0,0,0,0,0,0,0,0,0,0,0,0,0,0,0,0,0,0,0,0,234.831779542
0.0018,0.5,0.075,30000,0,0,0,0,0,0,100,100,0,0,0,0,0,0,0,0,59767459,0,59416491,0,350818,0,0,0,0,0,0,0,0,0,0,0,0,0,0,0,0,0,0,0,0,236.720562833
0.0018,0.5,0.075,60000,0,0,0,0,0,0,100,100,0,0,0,0,0,0,0,0,59767459,0,59416491,0,350818,0,0,0,0,0,0,0,0,0,0,0,0,0,0,0,0,0,0,0,0,229.603955333
0.0018,0.5,0.075,120000,0,0,0,0,0,0,100,100,0,0,0,0,0,0,0,0,59767459,0,59416491,0,350818,0,0,0,0,0,0,0,0,0,0,0,0,0,0,0,0,0,0,0,0,250.087319125
0.0018,0.5,0.1,30000,0,0,0,0,0,0,100,100,0,0,0,0,0,0,0,0,59767459,0,59416491,0,350818,0,0,0,0,0,0,0,0,0,0,0,0,0,0,0,0,0,0,0,0,295.394229583
0.0018,0.5,0.1,60000,0,0,0,0,0,0,100,100,0,0,0,0,0,0,0,0,59767459,0,59416491,0,350818,0,0,0,0,0,0,0,0,0,0,0,0,0,0,0,0,0,0,0,0,239.429266458
0.0018,0.5,0.1,120000,0,0,0,0,0,0,100,100,0,0,0,0,0,0,0,0,59767459,0,59416491,0,350818,0,0,0,0,0,0,0,0,0,0,0,0,0,0,0,0,0,0,0,0,245.679437542
0.0018,0.5,0.125,30000,0,0,0,0,0,0,100,100,0,0,0,0,0,0,0,0,59767459,0,59416491,0,350818,0,0,0,0,0,0,0,0,0,0,0,0,0,0,0,0,0,0,0,0,235.988624792
0.0018,0.5,0.125,60000,0,0,0,0,0,0,100,100,0,0,0,0,0,0,0,0,59767459,0,59416491,0,350818,0,0,0,0,0,0,0,0,0,0,0,0,0,0,0,0,0,0,0,0,242.84884125
0.0018,0.5,0.125,120000,0,0,0,0,0,0,100,100,0,0,0,0,0,0,0,0,59767459,0,59416491,0,350818,0,0,0,0,0,0,0,0,0,0,0,0,0,0,0,0,0,0,0,0,237.977889
0.0018,0.55,0.03,30000,0,0,0,0,0,0,100,100,0,0,0,0,0,0,0,0,59767459,0,59416491,0,350818,0,0,0,0,0,0,0,0,0,0,0,0,0,0,0,0,0,0,0,0,238.908032834
0.0018,0.55,0.03,60000,0,0,0,0,0,0,100,100,0,0,0,0,0,0,0,0,59767459,0,59416491,0,350818,0,0,0,0,0,0,0,0,0,0,0,0,0,0,0,0,0,0,0,0,233.027951167
0.0018,0.55,0.03,120000,0,0,0,0,0,0,100,100,0,0,0,0,0,0,0,0,59767459,0,59416491,0,350818,0,0,0,0,0,0,0,0,0,0,0,0,0,0,0,0,0,0,0,0,270.206872584
0.0018,0.55,0.05,30000,0,0,0,0,0,0,100,100,0,0,0,0,0,0,0,0,59767459,0,59416491,0,350818,0,0,0,0,0,0,0,0,0,0,0,0,0,0,0,0,0,0,0,0,232.864496583
0.0018,0.55,0.05,60000,0,0,0,0,0,0,100,100,0,0,0,0,0,0,0,0,59767459,0,59416491,0,350818,0,0,0,0,0,0,0,0,0,0,0,0,0,0,0,0,0,0,0,0,229.948943542
0.0018,0.55,0.05,120000,0,0,0,0,0,0,100,100,0,0,0,0,0,0,0,0,59767459,0,59416491,0,350818,0,0,0,0,0,0,0,0,0,0,0,0,0,0,0,0,0,0,0,0,236.051934125
0.0018,0.55,0.075,30000,0,0,0,0,0,0,100,100,0,0,0,0,0,0,0,0,59767459,0,59416491,0,350818,0,0,0,0,0,0,0,0,0,0,0,0,0,0,0,0,0,0,0,0,243.576030666
0.0018,0.55,0.075,60000,0,0,0,0,0,0,100,100,0,0,0,0,0,0,0,0,59767459,0,59416491,0,350818,0,0,0,0,0,0,0,0,0,0,0,0,0,0,0,0,0,0,0,0,230.009630375
0.0018,0.55,0.075,120000,0,0,0,0,0,0,100,100,0,0,0,0,0,0,0,0,59767459,0,59416491,0,350818,0,0,0,0,0,0,0,0,0,0,0,0,0,0,0,0,0,0,0,0,240.060323416
0.0018,0.55,0.1,30000,0,0,0,0,0,0,100,100,0,0,0,0,0,0,0,0,59767459,0,59416491,0,350818,0,0,0,0,0,0,0,0,0,0,0,0,0,0,0,0,0,0,0,0,232.489290333
0.0018,0.55,0.1,60000,0,0,0,0,0,0,100,100,0,0,0,0,0,0,0,0,59767459,0,59416491,0,350818,0,0,0,0,0,0,0,0,0,0,0,0,0,0,0,0,0,0,0,0,245.832509375
0.0018,0.55,0.1,120000,0,0,0,0,0,0,100,100,0,0,0,0,0,0,0,0,59767459,0,59416491,0,350818,0,0,0,0,0,0,0,0,0,0,0,0,0,0,0,0,0,0,0,0,235.950474584
0.0018,0.55,0.125,30000,0,0,0,0,0,0,100,100,0,0,0,0,0,0,0,0,59767459,0,59416491,0,350818,0,0,0,0,0,0,0,0,0,0,0,0,0,0,0,0,0,0,0,0,236.375747833
0.0018,0.55,0.125,60000,0,0,0,0,0,0,100,100,0,0,0,0,0,0,0,0,59767459,0,59416491,0,350818,0,0,0,0,0,0,0,0,0,0,0,0,0,0,0,0,0,0,0,0,239.323781459
0.0018,0.55,0.125,120000,0,0,0,0,0,0,100,100,0,0,0,0,0,0,0,0,59767459,0,59416491,0,350818,0,0,0,0,0,0,0,0,0,0,0,0,0,0,0,0,0,0,0,0,233.385369708
0.0018,0.6,0.03,30000,0,0,0,0,0,0,100,100,0,0,0,0,0,0,0,0,59767459,0,59416491,0,350818,0,0,0,0,0,0,0,0,0,0,0,0,0,0,0,0,0,0,0,0,245.09165825
0.0018,0.6,0.03,60000,0,0,0,0,0,0,100,100,0,0,0,0,0,0,0,0,59767459,0,59416491,0,350818,0,0,0,0,0,0,0,0,0,0,0,0,0,0,0,0,0,0,0,0,237.344403042
0.0018,0.6,0.03,120000,0,0,0,0,0,0,100,100,0,0,0,0,0,0,0,0,59767459,0,59416491,0,350818,0,0,0,0,0,0,0,0,0,0,0,0,0,0,0,0,0,0,0,0,230.322761209
0.0018,0.6,0.05,30000,0,0,0,0,0,0,100,100,0,0,0,0,0,0,0,0,59767459,0,59416491,0,350818,0,0,0,0,0,0,0,0,0,0,0,0,0,0,0,0,0,0,0,0,280.016969292
0.0018,0.6,0.05,60000,0,0,0,0,0,0,100,100,0,0,0,0,0,0,0,0,59767459,0,59416491,0,350818,0,0,0,0,0,0,0,0,0,0,0,0,0,0,0,0,0,0,0,0,243.435978333
0.0018,0.6,0.05,120000,0,0,0,0,0,0,100,100,0,0,0,0,0,0,0,0,59767459,0,59416491,0,350818,0,0,0,0,0,0,0,0,0,0,0,0,0,0,0,0,0,0,0,0,242.655060875
0.0018,0.6,0.075,30000,0,0,0,0,0,0,100,100,0,0,0,0,0,0,0,0,59767459,0,59416491,0,350818,0,0,0,0,0,0,0,0,0,0,0,0,0,0,0,0,0,0,0,0,244.572440583
0.0018,0.6,0.075,60000,0,0,0,0,0,0,100,100,0,0,0,0,0,0,0,0,59767459,0,59416491,0,350818,0,0,0,0,0,0,0,0,0,0,0,0,0,0,0,0,0,0,0,0,240.637845667
0.0018,0.6,0.075,120000,0,0,0,0,0,0,100,100,0,0,0,0,0,0,0,0,59767459,0,59416491,0,350818,0,0,0,0,0,0,0,0,0,0,0,0,0,0,0,0,0,0,0,0,235.766338
0.0018,0.6,0.1,30000,0,0,0,0,0,0,100,100,0,0,0,0,0,0,0,0,59767459,0,59416491,0,350818,0,0,0,0,0,0,0,0,0,0,0,0,0,0,0,0,0,0,0,0,239.506264
0.0018,0.6,0.1,60000,0,0,0,0,0,0,100,100,0,0,0,0,0,0,0,0,59767459,0,59416491,0,350818,0,0,0,0,0,0,0,0,0,0,0,0,0,0,0,0,0,0,0,0,238.285501458
0.0018,0.6,0.1,120000,0,0,0,0,0,0,100,100,0,0,0,0,0,0,0,0,59767459,0,59416491,0,350818,0,0,0,0,0,0,0,0,0,0,0,0,0,0,0,0,0,0,0,0,240.45406425
0.0018,0.6,0.125,30000,0,0,0,0,0,0,100,100,0,0,0,0,0,0,0,0,59767459,0,59416491,0,350818,0,0,0,0,0,0,0,0,0,0,0,0,0,0,0,0,0,0,0,0,246.1967915
0.0018,0.6,0.125,60000,0,0,0,0,0,0,100,100,0,0,0,0,0,0,0,0,59767459,0,59416491,0,350818,0,0,0,0,0,0,0,0,0,0,0,0,0,0,0,0,0,0,0,0,248.0019365
0.0018,0.6,0.125,120000,0,0,0,0,0,0,100,100,0,0,0,0,0,0,0,0,59767459,0,59416491,0,350818,0,0,0,0,0,0,0,0,0,0,0,0,0,0,0,0,0,0,0,0,240.305739125
0.0018,0.65,0.03,30000,0,0,0,0,0,0,100,100,0,0,0,0,0,0,0,0,59767459,0,59416491,0,350818,0,0,0,0,0,0,0,0,0,0,0,0,0,0,0,0,0,0,0,0,242.147199375
0.0018,0.65,0.03,60000,0,0,0,0,0,0,100,100,0,0,0,0,0,0,0,0,59767459,0,59416491,0,350818,0,0,0,0,0,0,0,0,0,0,0,0,0,0,0,0,0,0,0,0,245.509625958
0.0018,0.65,0.03,120000,0,0,0,0,0,0,100,100,0,0,0,0,0,0,0,0,59767459,0,59416491,0,350818,0,0,0,0,0,0,0,0,0,0,0,0,0,0,0,0,0,0,0,0,242.5614585
0.0018,0.65,0.05,30000,0,0,0,0,0,0,100,100,0,0,0,0,0,0,0,0,59767459,0,59416491,0,350818,0,0,0,0,0,0,0,0,0,0,0,0,0,0,0,0,0,0,0,0,245.140227167
0.0018,0.65,0.05,60000,0,0,0,0,0,0,100,100,0,0,0,0,0,0,0,0,59767459,0,59416491,0,350818,0,0,0,0,0,0,0,0,0,0,0,0,0,0,0,0,0,0,0,0,229.90142025
0.0018,0.65,0.05,120000,0,0,0,0,0,0,100,100,0,0,0,0,0,0,0,0,59767459,0,59416491,0,350818,0,0,0,0,0,0,0,0,0,0,0,0,0,0,0,0,0,0,0,0,234.055763667
0.0018,0.65,0.075,30000,0,0,0,0,0,0,100,100,0,0,0,0,0,0,0,0,59767459,0,59416491,0,350818,0,0,0,0,0,0,0,0,0,0,0,0,0,0,0,0,0,0,0,0,225.115974458
0.0018,0.65,0.075,60000,0,0,0,0,0,0,100,100,0,0,0,0,0,0,0,0,59767459,0,59416491,0,350818,0,0,0,0,0,0,0,0,0,0,0,0,0,0,0,0,0,0,0,0,227.906117042
0.0018,0.65,0.075,120000,0,0,0,0,0,0,100,100,0,0,0,0,0,0,0,0,59767459,0,59416491,0,350818,0,0,0,0,0,0,0,0,0,0,0,0,0,0,0,0,0,0,0,0,227.2571505
0.0018,0.65,0.1,30000,0,0,0,0,0,0,100,100,0,0,0,0,0,0,0,0,59767459,0,59416491,0,350818,0,0,0,0,0,0,0,0,0,0,0,0,0,0,0,0,0,0,0,0,233.304439625
0.0018,0.65,0.1,60000,0,0,0,0,0,0,100,100,0,0,0,0,0,0,0,0,59767459,0,59416491,0,350818,0,0,0,0,0,0,0,0,0,0,0,0,0,0,0,0,0,0,0,0,236.783609875
0.0018,0.65,0.1,120000,0,0,0,0,0,0,100,100,0,0,0,0,0,0,0,0,59767459,0,59416491,0,350818,0,0,0,0,0,0,0,0,0,0,0,0,0,0,0,0,0,0,0,0,240.422267417
0.0018,0.65,0.125,30000,0,0,0,0,0,0,100,100,0,0,0,0,0,0,0,0,59767459,0,59416491,0,350818,0,0,0,0,0,0,0,0,0,0,0,0,0,0,0,0,0,0,0,0,238.74884025
0.0018,0.65,0.125,60000,0,0,0,0,0,0,100,100,0,0,0,0,0,0,0,0,59767459,0,59416491,0,350818,0,0,0,0,0,0,0,0,0,0,0,0,0,0,0,0,0,0,0,0,235.8633885
0.0018,0.65,0.125,120000,0,0,0,0,0,0,100,100,0,0,0,0,0,0,0,0,59767459,0,59416491,0,350818,0,0,0,0,0,0,0,0,0,0,0,0,0,0,0,0,0,0,0,0,223.241035166
0.0018,0.7,0.03,30000,0,0,0,0,0,0,100,100,0,0,0,0,0,0,0,0,59767459,0,59416491,0,350818,0,0,0,0,0,0,0,0,0,0,0,0,0,0,0,0,0,0,0,0,228.5143165
0.0018,0.7,0.03,60000,0,0,0,0,0,0,100,100,0,0,0,0,0,0,0,0,59767459,0,59416491,0,350818,0,0,0,0,0,0,0,0,0,0,0,0,0,0,0,0,0,0,0,0,228.986281542
0.0018,0.7,0.03,120000,0,0,0,0,0,0,100,100,0,0,0,0,0,0,0,0,59767459,0,59416491,0,350818,0,0,0,0,0,0,0,0,0,0,0,0,0,0,0,0,0,0,0,0,223.231718417
0.0018,0.7,0.05,30000,0,0,0,0,0,0,100,100,0,0,0,0,0,0,0,0,59767459,0,59416491,0,350818,0,0,0,0,0,0,0,0,0,0,0,0,0,0,0,0,0,0,0,0,226.983977333
0.0018,0.7,0.05,60000,0,0,0,0,0,0,100,100,0,0,0,0,0,0,0,0,59767459,0,59416491,0,350818,0,0,0,0,0,0,0,0,0,0,0,0,0,0,0,0,0,0,0,0,220.674463167
0.0018,0.7,0.05,120000,0,0,0,0,0,0,100,100,0,0,0,0,0,0,0,0,59767459,0,59416491,0,350818,0,0,0,0,0,0,0,0,0,0,0,0,0,0,0,0,0,0,0,0,233.639985
0.0018,0.7,0.075,30000,0,0,0,0,0,0,100,100,0,0,0,0,0,0,0,0,59767459,0,59416491,0,350818,0,0,0,0,0,0,0,0,0,0,0,0,0,0,0,0,0,0,0,0,236.272503375
0.0018,0.7,0.075,60000,0,0,0,0,0,0,100,100,0,0,0,0,0,0,0,0,59767459,0,59416491,0,350818,0,0,0,0,0,0,0,0,0,0,0,0,0,0,0,0,0,0,0,0,236.534623333
0.0018,0.7,0.075,120000,0,0,0,0,0,0,100,100,0,0,0,0,0,0,0,0,59767459,0,59416491,0,350818,0,0,0,0,0,0,0,0,0,0,0,0,0,0,0,0,0,0,0,0,226.178305042
0.0018,0.7,0.1,30000,0,0,0,0,0,0,100,100,0,0,0,0,0,0,0,0,59767459,0,59416491,0,350818,0,0,0,0,0,0,0,0,0,0,0,0,0,0,0,0,0,0,0,0,225.200238417
0.0018,0.7,0.1,60000,0,0,0,0,0,0,100,100,0,0,0,0,0,0,0,0,59767459,0,59416491,0,350818,0,0,0,0,0,0,0,0,0,0,0,0,0,0,0,0,0,0,0,0,224.551021
0.0018,0.7,0.1,120000,0,0,0,0,0,0,100,100,0,0,0,0,0,0,0,0,59767459,0,59416491,0,350818,0,0,0,0,0,0,0,0,0,0,0,0,0,0,0,0,0,0,0,0,231.989519875
0.0018,0.7,0.125,30000,0,0,0,0,0,0,100,100,0,0,0,0,0,0,0,0,59767459,0,59416491,0,350818,0,0,0,0,0,0,0,0,0,0,0,0,0,0,0,0,0,0,0,0,277.809301541
0.0018,0.7,0.125,60000,0,0,0,0,0,0,100,100,0,0,0,0,0,0,0,0,59767459,0,59416491,0,350818,0,0,0,0,0,0,0,0,0,0,0,0,0,0,0,0,0,0,0,0,231.63187175
0.0018,0.7,0.125,120000,0,0,0,0,0,0,100,100,0,0,0,0,0,0,0,0,59767459,0,59416491,0,350818,0,0,0,0,0,0,0,0,0,0,0,0,0,0,0,0,0,0,0,0,236.767218541
0.002,0.5,0.03,30000,0,0,0,0,0,0,100,100,0,0,0,0,0,0,0,0,59767459,0,59416491,0,350818,0,0,0,0,0,0,0,0,0,0,0,0,0,0,0,0,0,0,0,0,220.843935625
0.002,0.5,0.03,60000,0,0,0,0,0,0,100,100,0,0,0,0,0,0,0,0,59767459,0,59416491,0,350818,0,0,0,0,0,0,0,0,0,0,0,0,0,0,0,0,0,0,0,0,233.704720459
0.002,0.5,0.03,120000,0,0,0,0,0,0,100,100,0,0,0,0,0,0,0,0,59767459,0,59416491,0,350818,0,0,0,0,0,0,0,0,0,0,0,0,0,0,0,0,0,0,0,0,237.050598292
0.002,0.5,0.05,30000,0,0,0,0,0,0,100,100,0,0,0,0,0,0,0,0,59767459,0,59416491,0,350818,0,0,0,0,0,0,0,0,0,0,0,0,0,0,0,0,0,0,0,0,237.61949625
0.002,0.5,0.05,60000,0,0,0,0,0,0,100,100,0,0,0,0,0,0,0,0,59767459,0,59416491,0,350818,0,0,0,0,0,0,0,0,0,0,0,0,0,0,0,0,0,0,0,0,225.826848833
0.002,0.5,0.05,120000,0,0,0,0,0,0,100,100,0,0,0,0,0,0,0,0,59767459,0,59416491,0,350818,0,0,0,0,0,0,0,0,0,0,0,0,0,0,0,0,0,0,0,0,223.9165225
0.002,0.5,0.075,30000,0,0,0,0,0,0,100,100,0,0,0,0,0,0,0,0,59767459,0,59416491,0,350818,0,0,0,0,0,0,0,0,0,0,0,0,0,0,0,0,0,0,0,0,224.136004875
0.002,0.5,0.075,60000,0,0,0,0,0,0,100,100,0,0,0,0,0,0,0,0,59767459,0,59416491,0,350818,0,0,0,0,0,0,0,0,0,0,0,0,0,0,0,0,0,0,0,0,232.084957333
0.002,0.5,0.075,120000,0,0,0,0,0,0,100,100,0,0,0,0,0,0,0,0,59767459,0,59416491,0,350818,0,0,0,0,0,0,0,0,0,0,0,0,0,0,0,0,0,0,0,0,277.702041042
0.002,0.5,0.1,30000,0,0,0,0,0,0,100,100,0,0,0,0,0,0,0,0,59767459,0,59416491,0,350818,0,0,0,0,0,0,0,0,0,0,0,0,0,0,0,0,0,0,0,0,233.585527208
0.002,0.5,0.1,60000,0,0,0,0,0,0,100,100,0,0,0,0,0,0,0,0,59767459,0,59416491,0,350818,0,0,0,0,0,0,0,0,0,0,0,0,0,0,0,0,0,0,0,0,236.135470208
0.002,0.5,0.1,120000,0,0,0,0,0,0,100,100,0,0,0,0,0,0,0,0,59767459,0,59416491,0,350818,0,0,0,0,0,0,0,0,0,0,0,0,0,0,0,0,0,0,0,0,236.716059917
0.002,0.5,0.125,30000,0,0,0,0,0,0,100,100,0,0,0,0,0,0,0,0,59767459,0,59416491,0,350818,0,0,0,0,0,0,0,0,0,0,0,0,0,0,0,0,0,0,0,0,227.353968542
0.002,0.5,0.125,60000,0,0,0,0,0,0,100,100,0,0,0,0,0,0,0,0,59767459,0,59416491,0,350818,0,0,0,0,0,0,0,0,0,0,0,0,0,0,0,0,0,0,0,0,224.024852708
0.002,0.5,0.125,120000,0,0,0,0,0,0,100,100,0,0,0,0,0,0,0,0,59767459,0,59416491,0,350818,0,0,0,0,0,0,0,0,0,0,0,0,0,0,0,0,0,0,0,0,224.933667
0.002,0.55,0.03,30000,0,0,0,0,0,0,100,100,0,0,0,0,0,0,0,0,59767459,0,59416491,0,350818,0,0,0,0,0,0,0,0,0,0,0,0,0,0,0,0,0,0,0,0,231.9013765
0.002,0.55,0.03,60000,0,0,0,0,0,0,100,100,0,0,0,0,0,0,0,0,59767459,0,59416491,0,350818,0,0,0,0,0,0,0,0,0,0,0,0,0,0,0,0,0,0,0,0,277.5286375
0.002,0.55,0.03,120000,0,0,0,0,0,0,100,100,0,0,0,0,0,0,0,0,59767459,0,59416491,0,350818,0,0,0,0,0,0,0,0,0,0,0,0,0,0,0,0,0,0,0,0,231.549500666
0.002,0.55,0.05,30000,0,0,0,0,0,0,100,100,0,0,0,0,0,0,0,0,59767459,0,59416491,0,350818,0,0,0,0,0,0,0,0,0,0,0,0,0,0,0,0,0,0,0,0,220.595136667
0.002,0.55,0.05,60000,0,0,0,0,0,0,100,100,0,0,0,0,0,0,0,0,59767459,0,59416491,0,350818,0,0,0,0,0,0,0,0,0,0,0,0,0,0,0,0,0,0,0,0,234.078348292
0.002,0.55,0.05,120000,0,0,0,0,0,0,100,100,0,0,0,0,0,0,0,0,59767459,0,59416491,0,350818,0,0,0,0,0,0,0,0,0,0,0,0,0,0,0,0,0,0,0,0,236.556830542
0.002,0.55,0.075,30000,0,0,0,0,0,0,100,100,0,0,0,0,0,0,0,0,59767459,0,59416491,0,350818,0,0,0,0,0,0,0,0,0,0,0,0,0,0,0,0,0,0,0,0,237.877178917
0.002,0.55,0.075,60000,0,0,0,0,0,0,100,100,0,0,0,0,0,0,0,0,59767459,0,59416491,0,350818,0,0,0,0,0,0,0,0,0,0,0,0,0,0,0,0,0,0,0,0,228.480810208
0.002,0.55,0.075,120000,0,0,0,0,0,0,100,100,0,0,0,0,0,0,0,0,59767459,0,59416491,0,350818,0,0,0,0,0,0,0,0,0,0,0,0,0,0,0,0,0,0,0,0,223.042155542
0.002,0.55,0.1,30000,0,0,0,0,0,0,100,100,0,0,0,0,0,0,0,0,59767459,0,59416491,0,350818,0,0,0,0,0,0,0,0,0,0,0,0,0,0,0,0,0,0,0,0,223.004436208
0.002,0.55,0.1,60000,0,0,0,0,0,0,100,100,0,0,0,0,0,0,0,0,59767459,0,59416491,0,350818,0,0,0,0,0,0,0,0,0,0,0,0,0,0,0,0,0,0,0,0,232.1334085
0.002,0.55,0.1,120000,0,0,0,0,0,0,100,100,0,0,0,0,0,0,0,0,59767459,0,59416491,0,350818,0,0,0,0,0,0,0,0,0,0,0,0,0,0,0,0,0,0,0,0,276.979497417
0.002,0.55,0.125,30000,0,0,0,0,0,0,100,100,0,0,0,0,0,0,0,0,59767459,0,59416491,0,350818,0,0,0,0,0,0,0,0,0,0,0,0,0,0,0,0,0,0,0,0,231.76117575
0.002,0.55,0.125,60000,0,0,0,0,0,0,100,100,0,0,0,0,0,0,0,0,59767459,0,59416491,0,350818,0,0,0,0,0,0,0,0,0,0,0,0,0,0,0,0,0,0,0,0,236.891922583
0.002,0.55,0.125,120000,0,0,0,0,0,0,100,100,0,0,0,0,0,0,0,0,59767459,0,59416491,0,350818,0,0,0,0,0,0,0,0,0,0,0,0,0,0,0,0,0,0,0,0,236.937023083
0.002,0.6,0.03,30000,0,0,0,0,0,0,100,100,0,0,0,0,0,0,0,0,59767459,0,59416491,0,350818,0,0,0,0,0,0,0,0,0,0,0,0,0,0,0,0,0,0,0,0,236.868646791
0.002,0.6,0.03,60000,0,0,0,0,0,0,100,100,0,0,0,0,0,0,0,0,59767459,0,59416491,0,350818,0,0,0,0,0,0,0,0,0,0,0,0,0,0,0,0,0,0,0,0,236.698714
0.002,0.6,0.03,120000,0,0,0,0,0,0,100,100,0,0,0,0,0,0,0,0,59767459,0,59416491,0,350818,0,0,0,0,0,0,0,0,0,0,0,0,0,0,0,0,0,0,0,0,231.5529955
0.002,0.6,0.05,30000,0,0,0,0,0,0,100,100,0,0,0,0,0,0,0,0,59767459,0,59416491,0,350818,0,0,0,0,0,0,0,0,0,0,0,0,0,0,0,0,0,0,0,0,236.842599125
0.002,0.6,0.05,60000,0,0,0,0,0,0,100,100,0,0,0,0,0,0,0,0,59767459,0,59416491,0,350818,0,0,0,0,0,0,0,0,0,0,0,0,0,0,0,0,0,0,0,0,231.60729925
0.002,0.6,0.05,120000,0,0,0,0,0,0,100,100,0,0,0,0,0,0,0,0,59767459,0,59416491,0,350818,0,0,0,0,0,0,0,0,0,0,0,0,0,0,0,0,0,0,0,0,236.891580208
0.002,0.6,0.075,30000,0,0,0,0,0,0,100,100,0,0,0,0,0,0,0,0,59767459,0,59416491,0,350818,0,0,0,0,0,0,0,0,0,0,0,0,0,0,0,0,0,0,0,0,236.826380959
0.002,0.6,0.075,60000,0,0,0,0,0,0,100,100,0,0,0,0,0,0,0,0,59767459,0,59416491,0,350818,0,0,0,0,0,0,0,0,0,0,0,0,0,0,0,0,0,0,0,0,220.660594542
0.002,0.6,0.075,120000,0,0,0,0,0,0,100,100,0,0,0,0,0,0,0,0,59767459,0,59416491,0,350818,0,0,0,0,0,0,0,0,0,0,0,0,0,0,0,0,0,0,0,0,233.626951625
0.002,0.6,0.1,30000,0,0,0,0,0,0,100,100,0,0,0,0,0,0,0,0,59767459,0,59416491,0,350818,0,0,0,0,0,0,0,0,0,0,0,0,0,0,0,0,0,0,0,0,235.958971875
0.002,0.6,0.1,60000,0,0,0,0,0,0,100,100,0,0,0,0,0,0,0,0,59767459,0,59416491,0,350818,0,0,0,0,0,0,0,0,0,0,0,0,0,0,0,0,0,0,0,0,236.928670625
0.002,0.6,0.1,120000,0,0,0,0,0,0,100,100,0,0,0,0,0,0,0,0,59767459,0,59416491,0,350818,0,0,0,0,0,0,0,0,0,0,0,0,0,0,0,0,0,0,0,0,226.132282416
0.002,0.6,0.125,30000,0,0,0,0,0,0,100,100,0,0,0,0,0,0,0,0,59767459,0,59416491,0,350818,0,0,0,0,0,0,0,0,0,0,0,0,0,0,0,0,0,0,0,0,225.18306725
0.002,0.6,0.125,60000,0,0,0,0,0,0,100,100,0,0,0,0,0,0,0,0,59767459,0,59416491,0,350818,0,0,0,0,0,0,0,0,0,0,0,0,0,0,0,0,0,0,0,0,224.485389666
0.002,0.6,0.125,120000,0,0,0,0,0,0,100,100,0,0,0,0,0,0,0,0,59767459,0,59416491,0,350818,0,0,0,0,0,0,0,0,0,0,0,0,0,0,0,0,0,0,0,0,232.060364125
0.002,0.65,0.03,30000,0,0,0,0,0,0,100,100,0,0,0,0,0,0,0,0,59767459,0,59416491,0,350818,0,0,0,0,0,0,0,0,0,0,0,0,0,0,0,0,0,0,0,0,277.806399958
0.002,0.65,0.03,60000,0,0,0,0,0,0,100,100,0,0,0,0,0,0,0,0,59767459,0,59416491,0,350818,0,0,0,0,0,0,0,0,0,0,0,0,0,0,0,0,0,0,0,0,233.529828208
0.002,0.65,0.03,120000,0,0,0,0,0,0,100,100,0,0,0,0,0,0,0,0,59767459,0,59416491,0,350818,0,0,0,0,0,0,0,0,0,0,0,0,0,0,0,0,0,0,0,0,236.094275916
0.002,0.65,0.05,30000,0,0,0,0,0,0,100,100,0,0,0,0,0,0,0,0,59767459,0,59416491,0,350818,0,0,0,0,0,0,0,0,0,0,0,0,0,0,0,0,0,0,0,0,237.033996
0.002,0.65,0.05,60000,0,0,0,0,0,0,100,100,0,0,0,0,0,0,0,0,59767459,0,59416491,0,350818,0,0,0,0,0,0,0,0,0,0,0,0,0,0,0,0,0,0,0,0,225.986142916
0.002,0.65,0.05,120000,0,0,0,0,0,0,100,100,0,0,0,0,0,0,0,0,59767459,0,59416491,0,350818,0,0,0,0,0,0,0,0,0,0,0,0,0,0,0,0,0,0,0,0,225.098163584
0.002,0.65,0.075,30000,0,0,0,0,0,0,100,100,0,0,0,0,0,0,0,0,59767459,0,59416491,0,350818,0,0,0,0,0,0,0,0,0,0,0,0,0,0,0,0,0,0,0,0,224.544028375
0.002,0.65,0.075,60000,0,0,0,0,0,0,100,100,0,0,0,0,0,0,0,0,59767459,0,59416491,0,350818,0,0,0,0,0,0,0,0,0,0,0,0,0,0,0,0,0,0,0,0,232.286694833
0.002,0.65,0.075,120000,0,0,0,0,0,0,100,100,0,0,0,0,0,0,0,0,59767459,0,59416491,0,350818,0,0,0,0,0,0,0,0,0,0,0,0,0,0,0,0,0,0,0,0,277.5153595
0.002,0.65,0.1,30000,0,0,0,0,0,0,100,100,0,0,0,0,0,0,0,0,59767459,0,59416491,0,350818,0,0,0,0,0,0,0,0,0,0,0,0,0,0,0,0,0,0,0,0,231.619655125
0.002,0.65,0.1,60000,0,0,0,0,0,0,100,100,0,0,0,0,0,0,0,0,59767459,0,59416491,0,350818,0,0,0,0,0,0,0,0,0,0,0,0,0,0,0,0,0,0,0,0,231.635662916
0.002,0.65,0.1,120000,0,0,0,0,0,0,100,100,0,0,0,0,0,0,0,0,59767459,0,59416491,0,350818,0,0,0,0,0,0,0,0,0,0,0,0,0,0,0,0,0,0,0,0,220.533549041
0.002,0.65,0.125,30000,0,0,0,0,0,0,100,100,0,0,0,0,0,0,0,0,59767459,0,59416491,0,350818,0,0,0,0,0,0,0,0,0,0,0,0,0,0,0,0,0,0,0,0,233.449826625
0.002,0.65,0.125,60000,0,0,0,0,0,0,100,100,0,0,0,0,0,0,0,0,59767459,0,59416491,0,350818,0,0,0,0,0,0,0,0,0,0,0,0,0,0,0,0,0,0,0,0,236.202477292
0.002,0.65,0.125,120000,0,0,0,0,0,0,100,100,0,0,0,0,0,0,0,0,59767459,0,59416491,0,350818,0,0,0,0,0,0,0,0,0,0,0,0,0,0,0,0,0,0,0,0,236.770915917
0.002,0.7,0.03,30000,0,0,0,0,0,0,100,100,0,0,0,0,0,0,0,0,59767459,0,59416491,0,350818,0,0,0,0,0,0,0,0,0,0,0,0,0,0,0,0,0,0,0,0,226.918692417
0.002,0.7,0.03,60000,0,0,0,0,0,0,100,100,0,0,0,0,0,0,0,0,59767459,0,59416491,0,350818,0,0,0,0,0,0,0,0,0,0,0,0,0,0,0,0,0,0,0,0,224.297827333
0.002,0.7,0.03,120000,0,0,0,0,0,0,100,100,0,0,0,0,0,0,0,0,59767459,0,59416491,0,350818,0,0,0,0,0,0,0,0,0,0,0,0,0,0,0,0,0,0,0,0,224.64948525
0.002,0.7,0.05,30000,0,0,0,0,0,0,100,100,0,0,0,0,0,0,0,0,59767459,0,59416491,0,350818,0,0,0,0,0,0,0,0,0,0,0,0,0,0,0,0,0,0,0,0,231.9998805
0.002,0.7,0.05,60000,0,0,0,0,0,0,100,100,0,0,0,0,0,0,0,0,59767459,0,59416491,0,350818,0,0,0,0,0,0,0,0,0,0,0,0,0,0,0,0,0,0,0,0,277.7647355
0.002,0.7,0.05,120000,0,0,0,0,0,0,100,100,0,0,0,0,0,0,0,0,59767459,0,59416491,0,350818,0,0,0,0,0,0,0,0,0,0,0,0,0,0,0,0,0,0,0,0,220.2676
0.002,0.7,0.075,30000,0,0,0,0,0,0,100,100,0,0,0,0,0,0,0,0,59767459,0,59416491,0,350818,0,0,0,0,0,0,0,0,0,0,0,0,0,0,0,0,0,0,0,0,233.835332917
0.002,0.7,0.075,60000,0,0,0,0,0,0,100,100,0,0,0,0,0,0,0,0,59767459,0,59416491,0,350818,0,0,0,0,0,0,0,0,0,0,0,0,0,0,0,0,0,0,0,0,235.778420042
0.002,0.7,0.075,120000,0,0,0,0,0,0,100,100,0,0,0,0,0,0,0,0,59767459,0,59416491,0,350818,0,0,0,0,0,0,0,0,0,0,0,0,0,0,0,0,0,0,0,0,236.805898875
0.002,0.7,0.1,30000,0,0,0,0,0,0,100,100,0,0,0,0,0,0,0,0,59767459,0,59416491,0,350818,0,0,0,0,0,0,0,0,0,0,0,0,0,0,0,0,0,0,0,0,226.272374958
0.002,0.7,0.1,60000,0,0,0,0,0,0,100,100,0,0,0,0,0,0,0,0,59767459,0,59416491,0,350818,0,0,0,0,0,0,0,0,0,0,0,0,0,0,0,0,0,0,0,0,224.988958417
0.002,0.7,0.1,120000,0,0,0,0,0,0,100,100,0,0,0,0,0,0,0,0,59767459,0,59416491,0,350818,0,0,0,0,0,0,0,0,0,0,0,0,0,0,0,0,0,0,0,0,224.612184167
0.002,0.7,0.125,30000,0,0,0,0,0,0,100,100,0,0,0,0,0,0,0,0,59767459,0,59416491,0,350818,0,0,0,0,0,0,0,0,0,0,0,0,0,0,0,0,0,0,0,0,232.290035583
0.002,0.7,0.125,60000,0,0,0,0,0,0,100,100,0,0,0,0,0,0,0,0,59767459,0,59416491,0,350818,0,0,0,0,0,0,0,0,0,0,0,0,0,0,0,0,0,0,0,0,277.476766417
0.002,0.7,0.125,120000,0,0,0,0,0,0,100,100,0,0,0,0,0,0,0,0,59767459,0,59416491,0,350818,0,0,0,0,0,0,0,0,0,0,0,0,0,0,0,0,0,0,0,0,231.637006416
